code,name1,name2,last_name1,last_name2,email,cellphone,usertype_id
3913344,Yesid,,Díaz,Cano,ydiaz59@correo.ufpso.edu.co,3248756323,ES
1291384,Sara,Camila,Aguilar,Ramírez,saguilar1@ufpso.edu.co,3606482195,ES
8422814,Augusto,,Torres,Vargas,atorres34@correo.ufpso.edu.co,3865675437,ES
3458035,Sebastián,,Ruiz,Henao,sruiz25@ufpso.edu.co,3696387443,ES
6897187,Lorena,,Morales,Parra,lmorales9@ufpso.edu.co,3784162928,DO
9898338,Liliana,,Rojas,Nieto,lrojas52@ufpso.edu.co,3527470609,DO
1890509,Iván,Duván,Nieto,,inieto65@correo.ufpso.edu.co,3959421802,ES
9243410,Camila,,Valencia,,cvalencia99@correo.ufpso.edu.co,3253241967,ES
5559845,Marcela,Patricia,Rojas,Ríos,mrojas54@correo.ufpso.edu.co,3375790736,ES
9065051,Mario,Gustavo,Sandoval,Castro,msandoval59@ufpso.edu.co,3564673146,ES
8429454,Leidy,,Trujillo,Pacheco,ltrujillo25@correo.ufpso.edu.co,3644079517,ES
9638527,Daniel,Rodrigo,Muñoz,Quintero,dmunoz53@ufpso.edu.co,3699861793,ES
1435820,Gustavo,,Ortiz,Cardona,gortiz80@ufpso.edu.co,3758221539,DO
8535929,Laura,,Ochoa,Medina,lochoa15@ufpso.edu.co,3337803036,ES
6525677,Vanessa,,Castaño,Guerrero,vcastano50@correo.ufpso.edu.co,3303695601,ES
7747619,Natalia,,Pedraza,Pinto,npedraza65@correo.ufpso.edu.co,3401831991,DO
2032483,Gloria,Daniela,Torres,Quintero,gtorres34@ufpso.edu.co,3125071328,ES
2042377,Jhonatan,Diego,Rivera,García,jrivera16@correo.ufpso.edu.co,3540259413,DO
3577815,Paola,,Montoya,,pmontoya39@ufpso.edu.co,3549723997,DO
5775395,María,Claudia,Parra,,mparra65@ufpso.edu.co,3410371667,AD
4308100,Marcela,,Pinto,Trujillo,mpinto80@ufpso.edu.co,3877964422,DO
5825282,María,Yolanda,Torres,,mtorres72@ufpso.edu.co,3467784411,ES
9133274,Claudia,,Flores,Muñoz,cflores13@correo.ufpso.edu.co,3703359175,ES
5002408,Alejandra,Xiomara,Aguilar,Rivera,aaguilar75@ufpso.edu.co,3119990260,ES
5239167,Duván,Nicolás,Salazar,Mendoza,dsalazar64@correo.ufpso.edu.co,3657943409,ES
3812765,Alejandra,Tatiana,Mora,Pérez,amora24@correo.ufpso.edu.co,3514424473,ES
2212846,Cristian,,Salazar,Rodríguez,csalazar20@correo.ufpso.edu.co,3177380417,ES
9405944,Brayan,Andrés,Quintero,,bquintero31@correo.ufpso.edu.co,3221591471,ES
7341215,Felipe,,Lozano,,flozano41@ufpso.edu.co,3758842228,ES
9605653,Ricardo,Luis,Acosta,López,racosta41@correo.ufpso.edu.co,3160404167,ES
3106185,Luz,,Bermúdez,Henao,lbermudez75@correo.ufpso.edu.co,3247186044,ES
4036277,Yolanda,Marcela,Bermúdez,Rivera,ybermudez62@correo.ufpso.edu.co,3572184161,ES
1970340,Isabella,,Sánchez,García,isanchez52@ufpso.edu.co,3793700887,ES
7660100,Esperanza,Cindy,Sandoval,Cardona,esandoval84@ufpso.edu.co,3647759025,ES
1567846,Patricia,Xiomara,Medina,,pmedina16@correo.ufpso.edu.co,3175249250,ES
8880717,Xiomara,Tatiana,Guerrero,Mora,xguerrero76@ufpso.edu.co,3718149004,AD
6553278,Ana,Marisol,Ríos,,arios34@correo.ufpso.edu.co,3287213277,ES
2281751,Edison,Kevin,Guerrero,González,eguerrero88@correo.ufpso.edu.co,3609264504,ES
9211463,Natalia,,Ramírez,Flores,nramirez97@correo.ufpso.edu.co,3515955727,ES
1048357,Esperanza,,Valencia,Sandoval,evalencia16@correo.ufpso.edu.co,3317428968,DO
5437891,Alejandro,,Pacheco,Gutiérrez,apacheco60@ufpso.edu.co,3993727941,DO
1730508,Marcela,María,Valencia,Montoya,mvalencia5@ufpso.edu.co,3346425138,AD
5637134,María,Beatriz,Buitrago,Díaz,mbuitrago5@ufpso.edu.co,3983177835,ES
1565171,María,Adriana,Medina,Cruz,mmedina52@correo.ufpso.edu.co,3344277234,DO
3303399,Beatriz,,Herrera,Rojas,bherrera66@ufpso.edu.co,3848141247,ES
2654809,Viviana,Adriana,Morales,,vmorales7@ufpso.edu.co,3876422071,ES
8636720,Jorge,Brayan,Cruz,Castro,jcruz78@ufpso.edu.co,3119719777,ES
3189023,Lina,Sara,Valencia,Quintero,lvalencia36@ufpso.edu.co,3378322186,ES
4470830,Raúl,Miguel,Ospina,López,rospina94@correo.ufpso.edu.co,3520853393,AD
4324745,Catalina,,Vásquez,Parra,cvasquez95@ufpso.edu.co,3924697540,AD
1587347,Beatriz,Juliana,Martínez,Sánchez,bmartinez52@ufpso.edu.co,3849847642,ES
8622751,Gloria,Marta,Ramos,,gramos63@correo.ufpso.edu.co,3264448234,DO
8027457,Ernesto,Ricardo,Valencia,Pacheco,evalencia57@ufpso.edu.co,3469335666,ES
8747826,Héctor,Brayan,Guerrero,Henao,hguerrero64@ufpso.edu.co,3896857152,ES
5943120,Yolanda,,Muñoz,Martínez,ymunoz24@ufpso.edu.co,3362878972,AD
5671906,María,,Bermúdez,Ortiz,mbermudez65@correo.ufpso.edu.co,3504202480,ES
8393909,Jhonatan,Jhon,López,Ramírez,jlopez28@ufpso.edu.co,3820189213,ES
1337360,Sebastián,,Vásquez,Rojas,svasquez52@correo.ufpso.edu.co,3441476332,DO
8048365,Leidy,Marta,Nieto,,lnieto24@ufpso.edu.co,3318753611,ES
6408019,Nicolás,Luis,Parra,Ramírez,nparra17@correo.ufpso.edu.co,3207201794,AD
9987916,Stefany,Sara,Castaño,,scastano27@correo.ufpso.edu.co,3859531523,ES
4376685,Laura,Valentina,Lozano,Jiménez,llozano97@ufpso.edu.co,3495871800,DO
9430444,Miguel,David,Henao,González,mhenao89@ufpso.edu.co,3715368932,ES
8562140,Jorge,Jhon,Gutiérrez,,jgutierrez44@correo.ufpso.edu.co,3345455547,AD
3326804,Camilo,,Castillo,Ríos,ccastillo69@correo.ufpso.edu.co,3517303804,ES
4806536,Duván,Luis,Vargas,Rojas,dvargas69@correo.ufpso.edu.co,3357855455,DO
8551282,Esperanza,,Valencia,Bermúdez,evalencia61@ufpso.edu.co,3647015139,AD
6975278,Alejandro,David,González,,agonzalez44@ufpso.edu.co,3963983731,ES
3433368,Sara,Paola,Pacheco,Trujillo,spacheco20@ufpso.edu.co,3644551784,AD
9239580,Lorena,Marcela,Herrera,Bermúdez,lherrera15@ufpso.edu.co,3173416109,AD
5284834,Marta,Viviana,Mora,,mmora10@ufpso.edu.co,3826816081,DO
7563876,Edison,Julián,Gómez,Cano,egomez95@correo.ufpso.edu.co,3799646472,DO
2300731,Daniela,,Buitrago,,dbuitrago2@ufpso.edu.co,3145613260,ES
8738088,Andrés,Mauricio,Ruiz,Gutiérrez,aruiz74@ufpso.edu.co,3513154530,ES
1916236,Adriana,,Pinto,,apinto62@correo.ufpso.edu.co,3708582377,DO
2133666,Marisol,Luz,Parra,Aguilar,mparra21@ufpso.edu.co,3667551198,ES
7593558,Gustavo,,García,Pérez,ggarcia46@correo.ufpso.edu.co,3902318253,ES
3803952,Carolina,Marisol,Guerrero,,cguerrero74@correo.ufpso.edu.co,3659395718,DO
6280134,Iván,Stiven,Martínez,,imartinez65@correo.ufpso.edu.co,3491327742,DO
7050674,Edison,,Castillo,Ospina,ecastillo50@correo.ufpso.edu.co,3173957234,ES
4298342,Mauricio,Kevin,Torres,Castaño,mtorres38@ufpso.edu.co,3744421091,DO
6492763,Andrés,David,Montoya,Suárez,amontoya29@correo.ufpso.edu.co,3961750665,DO
2784030,Catalina,,Salazar,Sánchez,csalazar5@ufpso.edu.co,3101234676,AD
7374511,Viviana,Stefany,Flores,Buitrago,vflores64@correo.ufpso.edu.co,3339930962,AD
4017272,Daniela,Claudia,Nieto,Castaño,dnieto15@correo.ufpso.edu.co,3990176239,DO
2835943,Edison,Cristian,Gutiérrez,,egutierrez16@ufpso.edu.co,3530852044,DO
8645787,Andrés,Carlos,Bermúdez,,abermudez58@ufpso.edu.co,3623590801,ES
5202449,Ana,Lina,Ochoa,Parra,aochoa98@ufpso.edu.co,3144290330,ES
3325313,Mario,Raúl,Torres,Vargas,mtorres50@ufpso.edu.co,3125891629,DO
5428099,Daniela,Claudia,Gutiérrez,Ruiz,dgutierrez5@correo.ufpso.edu.co,3640661940,ES
2393907,Felipe,Fernando,Ríos,Martínez,frios39@ufpso.edu.co,3191336597,ES
4142878,Angie,Alejandra,López,Rivera,alopez94@ufpso.edu.co,3188289503,DO
1741414,Viviana,Lina,Montoya,Buitrago,vmontoya56@ufpso.edu.co,3568124318,DO
8942509,Yolanda,Leidy,González,Muñoz,ygonzalez61@correo.ufpso.edu.co,3989447720,DO
1124497,Gustavo,Raúl,Valencia,,gvalencia41@correo.ufpso.edu.co,3869482680,ES
8045461,Catalina,Natalia,Bermúdez,Salazar,cbermudez50@ufpso.edu.co,3891495795,DO
5102010,Lorena,,López,Vásquez,llopez59@ufpso.edu.co,3186119576,AD
2759137,Kevin,,Trujillo,Bermúdez,ktrujillo5@correo.ufpso.edu.co,3888127521,DO
6581434,Cindy,Beatriz,Medina,,cmedina76@correo.ufpso.edu.co,3767277880,DO
1449069,Marcela,Viviana,Díaz,Bermúdez,mdiaz74@ufpso.edu.co,3130321109,ES
1191507,Vanessa,Claudia,Herrera,Nieto,vherrera65@ufpso.edu.co,3870723329,DO
5862037,David,Cristian,Morales,,dmorales94@correo.ufpso.edu.co,3314739471,DO
1731242,Yesid,Esteban,Castillo,Castro,ycastillo25@correo.ufpso.edu.co,3366300693,ES
6450259,Lorena,Alejandra,Suárez,Ospina,lsuarez66@correo.ufpso.edu.co,3236818258,ES
7507259,Claudia,Natalia,Vargas,Ortiz,cvargas33@correo.ufpso.edu.co,3615508307,ES
6506807,Miguel,Jhon,Arango,Gómez,marango82@ufpso.edu.co,3692728179,ES
7154719,Yesid,Oscar,Ruiz,Sánchez,yruiz6@correo.ufpso.edu.co,3291710552,ES
3195191,Laura,Daniela,Vásquez,,lvasquez96@correo.ufpso.edu.co,3899928849,DO
1295310,Valentina,Carolina,Aguilar,Cano,vaguilar91@ufpso.edu.co,3705391298,ES
7138153,Claudia,Alejandra,Pedraza,Parra,cpedraza35@correo.ufpso.edu.co,3847101987,ES
4160133,Tatiana,Marisol,Rivera,Ramírez,trivera70@ufpso.edu.co,3899924386,ES
3726077,Ricardo,Wilmar,Martínez,Quintero,rmartinez30@correo.ufpso.edu.co,3299487406,DO
7877818,Jaime,Gustavo,Rojas,Ochoa,jrojas17@correo.ufpso.edu.co,3866990876,ES
5430838,Sebastián,,Cárdenas,Pedraza,scardenas35@ufpso.edu.co,3307948119,DO
2743472,Beatriz,,Gómez,Jiménez,bgomez10@ufpso.edu.co,3533585190,ES
9454740,Cindy,Viviana,Torres,Torres,ctorres87@ufpso.edu.co,3847594750,ES
4320009,Claudia,,Jiménez,López,cjimenez74@ufpso.edu.co,3756008146,ES
5582725,Julián,,Pinto,,jpinto19@ufpso.edu.co,3833542520,ES
4373495,Miguel,Nicolás,Pinto,Sánchez,mpinto69@correo.ufpso.edu.co,3134284854,DO
6761858,Xiomara,Claudia,Jiménez,,xjimenez55@correo.ufpso.edu.co,3825661606,ES
7983831,Liliana,Gloria,Pinto,Quintero,lpinto33@ufpso.edu.co,3784164873,ES
1041829,David,Cristian,Henao,Ramírez,dhenao3@ufpso.edu.co,3791747876,ES
4105110,Kevin,Jaime,Ramírez,Suárez,kramirez47@ufpso.edu.co,3383286514,AD
3094246,Gustavo,Esteban,Cardona,Ortiz,gcardona94@correo.ufpso.edu.co,3300870259,ES
3245969,Ernesto,Juan,Bermúdez,,ebermudez87@ufpso.edu.co,3462965746,DO
7173328,Jhonatan,Juan,Quintero,Guerrero,jquintero69@ufpso.edu.co,3505971729,ES
4117153,Augusto,,Castillo,,acastillo13@ufpso.edu.co,3621614777,ES
7623720,Wilmar,,Gutiérrez,Bermúdez,wgutierrez59@ufpso.edu.co,3662615995,AD
3929635,Edison,Cristian,Quintero,Salazar,equintero65@correo.ufpso.edu.co,3857145391,AD
7336905,Marisol,Liliana,Gómez,García,mgomez19@correo.ufpso.edu.co,3916524555,AD
9534398,Marisol,Vanessa,Muñoz,González,mmunoz98@correo.ufpso.edu.co,3114607196,ES
2243502,Camila,Marta,Castaño,Castillo,ccastano84@correo.ufpso.edu.co,3766670084,ES
8461505,Viviana,Stefany,Jiménez,Cruz,vjimenez83@ufpso.edu.co,3595357027,ES
1656810,Jhonatan,Brayan,Acosta,Meza,jacosta55@correo.ufpso.edu.co,3610883070,ES
4336040,Felipe,,Muñoz,Morales,fmunoz34@correo.ufpso.edu.co,3195502531,DO
8880437,Viviana,,Nieto,,vnieto95@ufpso.edu.co,3906322936,ES
2622493,Ana,Natalia,Medina,Nieto,amedina99@correo.ufpso.edu.co,3942133699,ES
1455842,Daniela,Xiomara,Nieto,Cárdenas,dnieto53@correo.ufpso.edu.co,3867167299,DO
7956327,Duván,,Quintero,Trujillo,dquintero86@correo.ufpso.edu.co,3666016856,ES
4991919,Jorge,Kevin,Acosta,Vásquez,jacosta75@ufpso.edu.co,3955275411,DO
6363795,Natalia,Claudia,Lozano,Vásquez,nlozano64@ufpso.edu.co,3354121283,ES
2854183,Daniela,,Reyes,Ortiz,dreyes51@correo.ufpso.edu.co,3645486617,ES
7915186,Angie,,Flores,,aflores70@correo.ufpso.edu.co,3350593565,ES
3258933,Gloria,,Mora,Sánchez,gmora55@correo.ufpso.edu.co,3785394697,ES
6509474,Viviana,Adriana,Cardona,Reyes,vcardona86@correo.ufpso.edu.co,3366478285,ES
9463689,Liliana,,Herrera,,lherrera83@ufpso.edu.co,3784516446,ES
3838458,María,,Cardona,Cardona,mcardona18@ufpso.edu.co,3847909407,ES
9578286,Carlos,Iván,Ruiz,Vargas,cruiz32@ufpso.edu.co,3931263725,DO
8404817,Catalina,María,Castro,Cruz,ccastro47@ufpso.edu.co,3358156456,ES
1846484,Cristian,Augusto,Rodríguez,,crodriguez80@correo.ufpso.edu.co,3770845417,ES
4589505,Cristian,Jhonatan,Parra,,cparra6@ufpso.edu.co,3528181768,ES
9656104,Diana,Sofía,Rodríguez,Gutiérrez,drodriguez41@correo.ufpso.edu.co,3882258186,ES
4090546,Natalia,Angie,Mendoza,Trujillo,nmendoza79@correo.ufpso.edu.co,3171327968,DO
1424490,Marta,Leidy,Cruz,,mcruz77@ufpso.edu.co,3816322681,ES
5863163,Fernando,Jorge,Montoya,Ramos,fmontoya55@correo.ufpso.edu.co,3695529444,DO
5792973,Lina,Liliana,Pinto,Cardona,lpinto90@ufpso.edu.co,3727608211,DO
4157206,Iván,Stiven,Vásquez,Nieto,ivasquez77@ufpso.edu.co,3136113013,DO
1746631,Sara,Luz,Castaño,Cruz,scastano91@correo.ufpso.edu.co,3594687524,ES
5623737,Iván,,Sandoval,Sánchez,isandoval19@correo.ufpso.edu.co,3658512411,ES
2982739,Juan,,Cano,Mendoza,jcano65@correo.ufpso.edu.co,3429444008,DO
2886402,Rodrigo,Brayan,Nieto,García,rnieto54@ufpso.edu.co,3346791704,ES
1102760,Andrés,Ricardo,Flores,,aflores73@correo.ufpso.edu.co,3100335437,ES
5457603,Fabio,Stiven,Ortiz,Nieto,fortiz93@correo.ufpso.edu.co,3194454571,ES
7979142,Catalina,Claudia,Torres,Arango,ctorres9@ufpso.edu.co,3764272292,DO
3106243,Stefany,,Pedraza,,spedraza2@correo.ufpso.edu.co,3621024180,ES
8669669,Alejandro,Edison,Sandoval,Trujillo,asandoval36@correo.ufpso.edu.co,3653634180,AD
8665067,Patricia,,Meza,Ramos,pmeza73@correo.ufpso.edu.co,3987830492,AD
4076737,Jaime,,Aguilar,Salazar,jaguilar11@correo.ufpso.edu.co,3193559585,DO
1921214,Gustavo,,Bermúdez,Aguilar,gbermudez65@ufpso.edu.co,3796118818,ES
7251749,Mauricio,,García,Meza,mgarcia96@ufpso.edu.co,3291965105,ES
3999626,Tatiana,Valentina,Castro,Nieto,tcastro13@correo.ufpso.edu.co,3901966156,ES
7655962,Mario,Ricardo,Díaz,,mdiaz75@ufpso.edu.co,3781880338,ES
2099653,Wilmar,Rodrigo,Aguilar,Pinto,waguilar78@ufpso.edu.co,3737872334,ES
2394255,David,Mario,Cano,Sánchez,dcano67@ufpso.edu.co,3894275579,DO
8440678,Viviana,Catalina,Jiménez,Vargas,vjimenez32@correo.ufpso.edu.co,3891805420,ES
1791801,Carlos,Sebastián,Ramírez,Pedraza,cramirez10@ufpso.edu.co,3938045368,AD
7569888,Nicolás,Daniel,Ramos,Castaño,nramos20@ufpso.edu.co,3171021142,ES
4319835,Lorena,,Pacheco,Gutiérrez,lpacheco95@correo.ufpso.edu.co,3686902115,ES
2479147,Diana,,Meza,Cardona,dmeza85@ufpso.edu.co,3603515556,DO
6123585,Iván,Carlos,Gómez,Rivera,igomez44@ufpso.edu.co,3727352927,DO
3304889,David,,Muñoz,,dmunoz20@ufpso.edu.co,3664195244,ES
1886353,Valentina,Stefany,Suárez,Cano,vsuarez46@correo.ufpso.edu.co,3597295457,ES
5062127,Tatiana,Sofía,Ramírez,Flores,tramirez6@correo.ufpso.edu.co,3294350064,ES
6442522,Diego,Andrés,Pinto,Cardona,dpinto26@ufpso.edu.co,3162725593,ES
5139276,Daniel,Rodrigo,Ospina,,dospina29@ufpso.edu.co,3436814754,ES
4152812,Andrea,Ana,Guerrero,Castillo,aguerrero30@ufpso.edu.co,3391449183,DO
4034253,Natalia,Angie,Trujillo,,ntrujillo74@correo.ufpso.edu.co,3167694206,ES
3229211,Iván,Héctor,Jiménez,Suárez,ijimenez36@correo.ufpso.edu.co,3695050476,ES
7752355,Tatiana,Carolina,Castro,Castaño,tcastro32@ufpso.edu.co,3572694904,AD
7225567,Leidy,Beatriz,Rojas,Rivera,lrojas70@correo.ufpso.edu.co,3637814082,AD
3447546,Jhon,,Pérez,,jperez36@correo.ufpso.edu.co,3744066981,ES
8507340,Xiomara,Patricia,Ramos,García,xramos32@correo.ufpso.edu.co,3327303615,ES
8593652,Sebastián,Iván,Rojas,,srojas49@ufpso.edu.co,3110147854,ES
8714061,Sofía,Natalia,Pacheco,Pinto,spacheco66@correo.ufpso.edu.co,3479822342,ES
3507378,Nicolás,,Montoya,Ramírez,nmontoya82@ufpso.edu.co,3513166715,ES
4056059,David,Gustavo,Cárdenas,,dcardenas50@ufpso.edu.co,3305365418,ES
5968924,Augusto,,Pacheco,Zapata,apacheco37@ufpso.edu.co,3973419044,ES
8198418,Ricardo,Camilo,Sánchez,Lozano,rsanchez90@ufpso.edu.co,3834830064,ES
8879049,Sara,Ana,Pacheco,Morales,spacheco96@ufpso.edu.co,3271307037,ES
4779273,Esperanza,Cindy,Reyes,Valencia,ereyes56@correo.ufpso.edu.co,3817566419,DO
2391924,Xiomara,,González,Quintero,xgonzalez82@ufpso.edu.co,3657100089,ES
4162703,Marisol,Xiomara,Vásquez,Sandoval,mvasquez56@correo.ufpso.edu.co,3906676055,DO
8403922,Jhonatan,Brayan,Flores,Parra,jflores1@ufpso.edu.co,3416306560,ES
7839391,Yolanda,Tatiana,Pinto,Vargas,ypinto86@ufpso.edu.co,3213465952,DO
2403317,Diana,Stefany,Ochoa,Ruiz,dochoa17@ufpso.edu.co,3459844242,ES
3709301,Jhon,,Ramos,Valencia,jramos37@correo.ufpso.edu.co,3584042534,DO
8335934,Daniela,,Quintero,Castaño,dquintero97@ufpso.edu.co,3603357710,ES
2409477,Laura,,Cano,,lcano46@ufpso.edu.co,3440240697,DO
8558773,Brayan,,Torres,Suárez,btorres41@ufpso.edu.co,3108495942,DO
8491588,Gustavo,Jorge,Trujillo,Reyes,gtrujillo35@correo.ufpso.edu.co,3650235461,ES
7414684,Ernesto,Jaime,Bermúdez,Ruiz,ebermudez15@correo.ufpso.edu.co,3934067941,DO
9816829,Adriana,Liliana,Herrera,García,aherrera49@correo.ufpso.edu.co,3465187391,ES
6006360,Camilo,,Nieto,Nieto,cnieto14@correo.ufpso.edu.co,3991367939,ES
1560519,Sofía,Sara,Pacheco,Reyes,spacheco39@correo.ufpso.edu.co,3146900704,AD
3084945,Jhon,Daniel,Gómez,Rivera,jgomez24@correo.ufpso.edu.co,3380393163,DO
6765943,Mario,,Cruz,Cárdenas,mcruz88@ufpso.edu.co,3249304919,ES
3179944,Miguel,Luis,Cruz,Meza,mcruz71@ufpso.edu.co,3780092865,DO
1397691,Nicolás,Kevin,Trujillo,Montoya,ntrujillo27@correo.ufpso.edu.co,3981970668,DO
2479315,Camilo,,Salazar,,csalazar28@correo.ufpso.edu.co,3324492773,ES
9715666,Liliana,Tatiana,Ochoa,Castillo,lochoa7@ufpso.edu.co,3586148530,ES
4646222,Iván,,Henao,Castillo,ihenao79@ufpso.edu.co,3269094688,DO
1646499,Esteban,,Aguilar,,eaguilar77@ufpso.edu.co,3359743794,ES
3514653,Claudia,Marta,Muñoz,Torres,cmunoz34@correo.ufpso.edu.co,3896840688,DO
1537382,Fernando,Kevin,Reyes,,freyes77@ufpso.edu.co,3631211317,DO
4246126,Natalia,,Arango,Trujillo,narango32@ufpso.edu.co,3485772923,ES
5680664,Ernesto,Nicolás,Medina,Vásquez,emedina90@correo.ufpso.edu.co,3824846744,DO
7682848,Fernando,Carlos,Medina,Ortiz,fmedina95@correo.ufpso.edu.co,3549094203,DO
2134893,Nicolás,Iván,Quintero,Ramos,nquintero50@ufpso.edu.co,3844020140,DO
4926588,Luz,Catalina,Díaz,Buitrago,ldiaz54@correo.ufpso.edu.co,3759178260,ES
4326502,Rodrigo,Héctor,Ramos,Reyes,rramos13@correo.ufpso.edu.co,3593116369,ES
8659666,Sara,,Nieto,Buitrago,snieto93@ufpso.edu.co,3489139962,ES
5726850,Catalina,,González,Castro,cgonzalez9@correo.ufpso.edu.co,3757698178,DO
8080533,David,Stiven,Arango,Lozano,darango53@ufpso.edu.co,3988646949,ES
6732314,Edison,Esteban,Lozano,Sandoval,elozano5@ufpso.edu.co,3389642754,AD
5539434,Camila,,Buitrago,Cardona,cbuitrago56@ufpso.edu.co,3223749304,AD
1748507,Esperanza,,Rojas,,erojas6@correo.ufpso.edu.co,3749916244,DO
9593484,Esperanza,Natalia,Bermúdez,,ebermudez26@ufpso.edu.co,3703935016,ES
2846209,Jhon,,Castaño,Ríos,jcastano93@correo.ufpso.edu.co,3160463422,ES
3374515,Marisol,Leidy,Rodríguez,Nieto,mrodriguez75@ufpso.edu.co,3909672171,ES
4732109,Marcela,,Rodríguez,Montoya,mrodriguez8@correo.ufpso.edu.co,3500919477,ES
5040784,Diego,Duván,Arango,Ruiz,darango86@correo.ufpso.edu.co,3449262460,ES
8966544,Claudia,Stefany,Cano,Pacheco,ccano68@correo.ufpso.edu.co,3402829734,ES
5298929,Brayan,,García,Mora,bgarcia71@ufpso.edu.co,3990355592,ES
3410982,Esperanza,Marta,Zapata,Vargas,ezapata23@ufpso.edu.co,3274331740,ES
2710263,Sebastián,,Ruiz,Buitrago,sruiz79@ufpso.edu.co,3828015385,ES
3131383,Beatriz,Leidy,Muñoz,,bmunoz14@correo.ufpso.edu.co,3274405339,ES
1232637,Paola,,Lozano,González,plozano96@ufpso.edu.co,3366679073,ES
6349878,Stefany,Marta,Muñoz,Henao,smunoz56@ufpso.edu.co,3645093800,DO
9486754,Héctor,Jorge,Mendoza,Aguilar,hmendoza19@ufpso.edu.co,3179121728,AD
4726997,Yolanda,,Rojas,Martínez,yrojas12@correo.ufpso.edu.co,3870228568,ES
6464471,Duván,Augusto,Acosta,,dacosta17@correo.ufpso.edu.co,3110843939,ES
6848225,Gustavo,,Medina,Quintero,gmedina86@correo.ufpso.edu.co,3406906052,ES
7686313,Marta,Beatriz,Rojas,Meza,mrojas39@correo.ufpso.edu.co,3697171135,DO
4531200,Sebastián,Duván,Ríos,González,srios89@ufpso.edu.co,3560764315,ES
5394122,Fabio,Ricardo,Acosta,Cárdenas,facosta46@correo.ufpso.edu.co,3682792736,DO
7451593,Stefany,Sofía,Ramírez,González,sramirez36@ufpso.edu.co,3771032731,DO
7061321,Patricia,,Ramírez,,pramirez28@correo.ufpso.edu.co,3488268708,ES
5957447,Sandra,,Cruz,,scruz46@ufpso.edu.co,3252442115,ES
6254752,Angie,Marcela,Zapata,Montoya,azapata19@correo.ufpso.edu.co,3917314038,ES
6942702,Xiomara,Diana,Guerrero,Salazar,xguerrero19@correo.ufpso.edu.co,3262877234,ES
9343453,Andrés,,Vargas,,avargas37@ufpso.edu.co,3755745345,DO
7116883,Duván,Oscar,Muñoz,Cruz,dmunoz79@correo.ufpso.edu.co,3558645983,ES
7443577,Esperanza,Leidy,Arango,Parra,earango29@ufpso.edu.co,3788676605,ES
5878996,Esteban,Yesid,Ospina,,eospina47@correo.ufpso.edu.co,3426586625,ES
9089347,Esteban,,Arango,,earango52@correo.ufpso.edu.co,3788931736,AD
8365979,Edison,Gustavo,Ruiz,Guerrero,eruiz83@correo.ufpso.edu.co,3367188814,DO
9614397,Felipe,Alejandro,Muñoz,,fmunoz47@ufpso.edu.co,3475141583,ES
3350468,Andrés,Nicolás,Torres,Montoya,atorres58@ufpso.edu.co,3277435357,ES
5835962,Cindy,,Acosta,López,cacosta57@correo.ufpso.edu.co,3747422387,ES
9103006,Carolina,Patricia,Vargas,González,cvargas52@correo.ufpso.edu.co,3776700473,ES
5814173,Cindy,Tatiana,Zapata,Reyes,czapata38@ufpso.edu.co,3512414076,DO
9445464,Julián,Esteban,Pérez,Meza,jperez59@correo.ufpso.edu.co,3553200839,AD
3781161,Marisol,,Gutiérrez,,mgutierrez15@correo.ufpso.edu.co,3570049353,ES
4223883,Marcela,Yolanda,Ochoa,,mochoa8@correo.ufpso.edu.co,3665006092,DO
7231671,Marcela,,Bermúdez,Pacheco,mbermudez9@correo.ufpso.edu.co,3748760159,ES
1071674,Jhonatan,,Ochoa,García,jochoa34@ufpso.edu.co,3398793290,ES
3866824,Adriana,,Mendoza,Salazar,amendoza6@correo.ufpso.edu.co,3750039515,AD
2086295,Wilmar,,Ramos,Rojas,wramos13@ufpso.edu.co,3996737695,ES
3399423,Rodrigo,Carlos,Nieto,Ortiz,rnieto9@correo.ufpso.edu.co,3630241936,AD
3459860,Sofía,,Flores,Cano,sflores60@ufpso.edu.co,3693606713,ES
8134298,Luz,Marta,Medina,,lmedina51@ufpso.edu.co,3426828693,AD
7986643,Gustavo,Oscar,Montoya,Herrera,gmontoya29@correo.ufpso.edu.co,3167863565,DO
2978454,Gloria,Juliana,Ramos,,gramos65@correo.ufpso.edu.co,3442263641,ES
6709525,Oscar,Jaime,Reyes,,oreyes4@correo.ufpso.edu.co,3224624494,DO
8108800,Sebastián,Iván,Mendoza,,smendoza36@correo.ufpso.edu.co,3469358818,ES
5561461,Yolanda,Carolina,Parra,Ortiz,yparra95@correo.ufpso.edu.co,3329345410,ES
9830759,Camilo,,Cardona,Quintero,ccardona18@correo.ufpso.edu.co,3598909297,ES
4761870,Andrés,Ricardo,Ramírez,Flores,aramirez76@correo.ufpso.edu.co,3815471119,ES
7320396,Fabio,Edison,Jiménez,,fjimenez50@ufpso.edu.co,3739706019,ES
8885938,Raúl,Gustavo,Pinto,Martínez,rpinto38@correo.ufpso.edu.co,3481959385,AD
9494422,Raúl,,Henao,,rhenao87@ufpso.edu.co,3746356082,ES
7941521,Miguel,Rodrigo,Cruz,,mcruz30@correo.ufpso.edu.co,3148404736,ES
5362067,Andrea,,Vargas,Gómez,avargas4@correo.ufpso.edu.co,3699735534,ES
3401763,Yesid,Julián,Cárdenas,Ramírez,ycardenas61@correo.ufpso.edu.co,3654254293,DO
7149731,Valentina,,Flores,,vflores47@correo.ufpso.edu.co,3522550979,AD
1837786,Miguel,,Lozano,,mlozano58@ufpso.edu.co,3683976172,ES
3464103,Kevin,,Castro,Meza,kcastro64@ufpso.edu.co,3779522701,DO
6478560,Augusto,Jorge,Pacheco,Cárdenas,apacheco81@correo.ufpso.edu.co,3341021016,AD
5842139,Claudia,,Medina,,cmedina78@correo.ufpso.edu.co,3456408250,ES
9777674,Claudia,Isabella,Ruiz,Aguilar,cruiz71@ufpso.edu.co,3124380307,ES
6257661,Camilo,,Ramírez,Acosta,cramirez73@ufpso.edu.co,3691620244,AD
2700440,Sandra,Valentina,Henao,Castro,shenao76@correo.ufpso.edu.co,3890473731,ES
2541358,Diego,Duván,Guerrero,Ramírez,dguerrero62@correo.ufpso.edu.co,3430421231,DO
3579406,Isabella,Carolina,Cruz,Torres,icruz30@correo.ufpso.edu.co,3746916908,ES
6534592,Juliana,Cindy,Cano,,jcano15@correo.ufpso.edu.co,3221770572,ES
3545290,Beatriz,Andrea,Valencia,,bvalencia93@ufpso.edu.co,3233462468,ES
6882428,Mauricio,Daniel,Pedraza,Cruz,mpedraza58@correo.ufpso.edu.co,3770042365,ES
1814153,Fernando,,Castaño,,fcastano51@correo.ufpso.edu.co,3951607505,ES
3469493,Xiomara,Stefany,Arango,Lozano,xarango91@correo.ufpso.edu.co,3920638921,DO
3097305,Gustavo,,Guerrero,Guerrero,gguerrero39@ufpso.edu.co,3885341875,DO
7507977,Lorena,Isabella,Mendoza,Flores,lmendoza48@ufpso.edu.co,3321430935,ES
5242876,Lorena,,Rojas,Salazar,lrojas25@correo.ufpso.edu.co,3817929820,ES
7895355,Duván,Iván,Nieto,Vásquez,dnieto62@ufpso.edu.co,3937465607,ES
4570566,Fabio,Kevin,Ochoa,Valencia,fochoa59@correo.ufpso.edu.co,3275625261,DO
2062136,Brayan,,Rojas,Sandoval,brojas53@ufpso.edu.co,3436597921,ES
2306157,Marcela,,Cano,Muñoz,mcano30@correo.ufpso.edu.co,3309384946,ES
6025565,Daniela,Angie,Buitrago,Buitrago,dbuitrago13@correo.ufpso.edu.co,3858631806,DO
9160604,Carlos,Diego,Díaz,Herrera,cdiaz43@ufpso.edu.co,3788734426,DO
7295109,Marcela,Alejandra,López,Gutiérrez,mlopez35@correo.ufpso.edu.co,3658318025,ES
1488920,Marcela,Lina,Muñoz,Gutiérrez,mmunoz59@correo.ufpso.edu.co,3134939586,ES
6270223,Catalina,,López,Reyes,clopez10@ufpso.edu.co,3688855827,ES
8771057,Beatriz,Liliana,Buitrago,Díaz,bbuitrago7@correo.ufpso.edu.co,3890270612,ES
8358014,Isabella,Isabella,Ortiz,Ortiz,iortiz72@correo.ufpso.edu.co,3865489604,ES
7253855,María,,Mendoza,,mmendoza7@correo.ufpso.edu.co,3352669559,AD
5013387,Luz,,López,,llopez66@ufpso.edu.co,3209666401,ES
7600760,Esperanza,Marta,Sandoval,Castaño,esandoval47@correo.ufpso.edu.co,3663987148,DO
4934395,Alejandra,Sandra,Pinto,Parra,apinto82@correo.ufpso.edu.co,3755469163,DO
5593623,Paola,Vanessa,Pinto,Acosta,ppinto79@ufpso.edu.co,3794660799,DO
5698805,Paola,,Gutiérrez,Gómez,pgutierrez17@ufpso.edu.co,3297272773,DO
6408705,Diana,Yolanda,Parra,Mendoza,dparra57@ufpso.edu.co,3672911130,DO
8944126,Patricia,Sara,Vásquez,Trujillo,pvasquez7@ufpso.edu.co,3650520226,DO
1447371,Patricia,,Martínez,Jiménez,pmartinez72@ufpso.edu.co,3423444137,ES
9522290,Adriana,Vanessa,Guerrero,Gómez,aguerrero12@ufpso.edu.co,3889232926,ES
5263483,Nicolás,Andrés,Bermúdez,,nbermudez51@correo.ufpso.edu.co,3326444092,DO
9256498,Jorge,Héctor,Muñoz,Henao,jmunoz31@correo.ufpso.edu.co,3631979096,ES
6363902,Carlos,,Medina,González,cmedina14@ufpso.edu.co,3978005270,ES
4001131,Rodrigo,Ricardo,Meza,Lozano,rmeza38@correo.ufpso.edu.co,3391604158,DO
2688888,Xiomara,,Pinto,Pedraza,xpinto95@correo.ufpso.edu.co,3784527439,ES
7312263,Augusto,Alejandro,Henao,Guerrero,ahenao43@correo.ufpso.edu.co,3467477054,AD
2541864,Yolanda,Natalia,Guerrero,Castaño,yguerrero72@ufpso.edu.co,3416227703,AD
1217207,Marisol,,Arango,Torres,marango12@ufpso.edu.co,3873947663,DO
2316506,Diego,Andrés,Martínez,Cruz,dmartinez51@correo.ufpso.edu.co,3505272068,ES
5896712,Felipe,Jaime,Quintero,Pérez,fquintero51@ufpso.edu.co,3850579793,DO
5439256,Camilo,Julián,Ochoa,Cardona,cochoa7@correo.ufpso.edu.co,3757460962,ES
3776267,Juan,Yesid,Aguilar,Vásquez,jaguilar61@correo.ufpso.edu.co,3711532607,DO
6353048,Alejandra,Natalia,Pérez,,aperez23@correo.ufpso.edu.co,3231859164,ES
8383087,Luis,Miguel,Ramos,Meza,lramos48@correo.ufpso.edu.co,3785945954,ES
4328736,Oscar,Ricardo,Aguilar,Arango,oaguilar13@ufpso.edu.co,3262817604,ES
1243793,Laura,Sara,González,Salazar,lgonzalez13@ufpso.edu.co,3862818674,ES
6440022,Stefany,Marisol,Quintero,Arango,squintero4@correo.ufpso.edu.co,3494904564,DO
1349594,Patricia,Beatriz,Arango,Cárdenas,parango41@ufpso.edu.co,3857755169,AD
6628059,Kevin,Carlos,Ramos,,kramos23@ufpso.edu.co,3629605998,ES
8818925,Yolanda,Viviana,González,Cano,ygonzalez94@correo.ufpso.edu.co,3534447686,AD
7479597,Marisol,,Henao,Medina,mhenao21@ufpso.edu.co,3838240382,DO
7301364,Ricardo,Esteban,Suárez,Parra,rsuarez41@correo.ufpso.edu.co,3437565157,ES
5021029,Jhonatan,Ricardo,Parra,Castro,jparra33@ufpso.edu.co,3195974881,ES
4108841,Sofía,,Acosta,Suárez,sacosta78@ufpso.edu.co,3241995013,ES
9725634,Alejandra,,Bermúdez,Ramírez,abermudez5@correo.ufpso.edu.co,3682221361,AD
5100457,Daniela,,González,Rivera,dgonzalez48@correo.ufpso.edu.co,3801352011,DO
6268783,Fernando,Brayan,Ortiz,Pacheco,fortiz68@ufpso.edu.co,3416174660,ES
5382246,Stefany,,Sánchez,Díaz,ssanchez75@correo.ufpso.edu.co,3475921146,ES
3580414,Carlos,Mauricio,Pinto,Valencia,cpinto5@ufpso.edu.co,3543770486,ES
5076035,Raúl,Gustavo,González,,rgonzalez87@correo.ufpso.edu.co,3742948905,DO
6408719,Valentina,,Morales,Pedraza,vmorales43@ufpso.edu.co,3477260378,DO
7237889,Catalina,,Nieto,,cnieto96@correo.ufpso.edu.co,3344624951,ES
7869666,Diego,Miguel,Vásquez,Mora,dvasquez77@ufpso.edu.co,3276782332,DO
1286760,Marta,,Reyes,Torres,mreyes27@ufpso.edu.co,3343365651,ES
5115839,Carlos,,Guerrero,García,cguerrero80@correo.ufpso.edu.co,3804869219,DO
5811144,Jaime,Nicolás,Buitrago,,jbuitrago23@correo.ufpso.edu.co,3821965598,ES
9943309,Ana,Camila,Morales,Bermúdez,amorales73@ufpso.edu.co,3841487190,AD
7038385,Mauricio,,Herrera,Ospina,mherrera44@correo.ufpso.edu.co,3840340868,DO
3308103,Esperanza,Vanessa,Lozano,Parra,elozano64@correo.ufpso.edu.co,3752912363,AD
3128067,Patricia,Patricia,Ríos,Parra,prios82@correo.ufpso.edu.co,3220689559,ES
6008409,Carlos,Juan,González,Guerrero,cgonzalez7@ufpso.edu.co,3705213731,ES
1009394,Catalina,,Torres,Aguilar,ctorres43@correo.ufpso.edu.co,3942067826,ES
3813626,Augusto,Rodrigo,Cárdenas,,acardenas16@ufpso.edu.co,3983545921,ES
9072298,Wilmar,,Ramírez,Bermúdez,wramirez76@ufpso.edu.co,3993574202,DO
5714213,Stiven,Daniel,Gutiérrez,Vargas,sgutierrez87@correo.ufpso.edu.co,3817038512,ES
2997091,Laura,Laura,Sánchez,,lsanchez87@correo.ufpso.edu.co,3947136215,ES
7331060,Carlos,,Cárdenas,Díaz,ccardenas38@ufpso.edu.co,3795974169,ES
1915399,Stefany,Leidy,Pedraza,Ramírez,spedraza96@ufpso.edu.co,3756202450,ES
7915475,Alejandro,Jorge,Ruiz,Salazar,aruiz40@ufpso.edu.co,3402652266,ES
1335891,Esteban,David,Ochoa,,eochoa17@correo.ufpso.edu.co,3187877078,ES
1100196,Patricia,,Pérez,Parra,pperez1@ufpso.edu.co,3632021901,ES
9080695,Isabella,,Lozano,,ilozano99@ufpso.edu.co,3778280820,DO
3244044,Wilmar,Felipe,Torres,Herrera,wtorres5@correo.ufpso.edu.co,3103601688,AD
5350972,Julián,Stiven,Díaz,,jdiaz15@ufpso.edu.co,3743964706,ES
6133257,Leidy,,Medina,Ortiz,lmedina10@correo.ufpso.edu.co,3518410960,DO
3170136,Ana,Adriana,Guerrero,,aguerrero12@correo.ufpso.edu.co,3552682981,ES
3167062,Alejandro,,Meza,,ameza94@correo.ufpso.edu.co,3144761082,AD
8709100,Beatriz,Sara,Martínez,,bmartinez67@correo.ufpso.edu.co,3420919592,ES
7749401,Andrea,Stefany,Suárez,Díaz,asuarez74@ufpso.edu.co,3579121582,DO
3789735,Ana,Marcela,Cano,Cárdenas,acano9@correo.ufpso.edu.co,3339833320,ES
5965008,Julián,,Vásquez,Ríos,jvasquez45@correo.ufpso.edu.co,3705756655,ES
4164073,Edison,,López,Pinto,elopez93@ufpso.edu.co,3713974955,DO
4572428,Julián,Julián,Herrera,Herrera,jherrera29@correo.ufpso.edu.co,3305095185,AD
7408785,Gustavo,Augusto,Castillo,Cruz,gcastillo99@correo.ufpso.edu.co,3123220706,ES
4161784,Sofía,Claudia,Cárdenas,Díaz,scardenas19@ufpso.edu.co,3374464816,DO
9919265,Claudia,Laura,Cárdenas,Rojas,ccardenas51@ufpso.edu.co,3820374788,ES
3597946,Sandra,,Gutiérrez,,sgutierrez95@ufpso.edu.co,3869763394,DO
7343690,Mario,,Quintero,Ramírez,mquintero55@correo.ufpso.edu.co,3520015687,DO
1885637,Ricardo,Jorge,Torres,Castro,rtorres68@correo.ufpso.edu.co,3250777098,ES
8712598,Nicolás,Diego,Cano,,ncano71@ufpso.edu.co,3631312730,DO
8542959,Catalina,Andrea,Vargas,González,cvargas9@correo.ufpso.edu.co,3590927557,ES
4923330,Esteban,Andrés,Gutiérrez,Zapata,egutierrez65@correo.ufpso.edu.co,3416136840,ES
5273595,Vanessa,Daniela,Mendoza,Mora,vmendoza64@correo.ufpso.edu.co,3432042597,ES
2849126,Ernesto,,Muñoz,Ospina,emunoz4@correo.ufpso.edu.co,3608990579,ES
6605540,Cristian,Kevin,Flores,Cano,cflores25@correo.ufpso.edu.co,3461779144,DO
5204038,Wilmar,Camilo,Pérez,Vargas,wperez82@correo.ufpso.edu.co,3997114555,ES
3879319,Beatriz,Natalia,Guerrero,Pacheco,bguerrero12@correo.ufpso.edu.co,3895766436,ES
6455604,Yesid,Kevin,Acosta,Acosta,yacosta66@correo.ufpso.edu.co,3383316512,DO
6870204,Esperanza,Beatriz,Mendoza,Muñoz,emendoza21@correo.ufpso.edu.co,3996787097,ES
9581062,Diana,Viviana,Ramos,Salazar,dramos33@correo.ufpso.edu.co,3895265874,DO
4039549,Esperanza,Catalina,Pérez,Sandoval,eperez31@ufpso.edu.co,3269945163,DO
6704689,Augusto,,Nieto,Cardona,anieto78@correo.ufpso.edu.co,3512779054,DO
5853792,Ricardo,Iván,Sandoval,Cruz,rsandoval24@ufpso.edu.co,3609697577,DO
1510824,Vanessa,Marcela,Gutiérrez,Cardona,vgutierrez50@correo.ufpso.edu.co,3668810558,ES
6259010,Marta,,Pacheco,Rodríguez,mpacheco90@correo.ufpso.edu.co,3527224423,ES
3974039,Sebastián,Brayan,Martínez,Martínez,smartinez88@ufpso.edu.co,3359049109,ES
4678453,Sofía,,Acosta,Jiménez,sacosta50@ufpso.edu.co,3247036414,ES
5687935,Paola,Ana,Montoya,Rivera,pmontoya59@ufpso.edu.co,3800207788,DO
1171558,Alejandro,Mario,Pedraza,Meza,apedraza99@correo.ufpso.edu.co,3261171403,ES
9891146,Oscar,,Parra,,oparra38@ufpso.edu.co,3906238657,DO
7313188,Iván,,Nieto,Ramírez,inieto9@ufpso.edu.co,3339116090,ES
4047890,Ernesto,Daniel,Ochoa,Cárdenas,eochoa99@correo.ufpso.edu.co,3593172007,ES
6807034,Iván,Luis,Rojas,Gutiérrez,irojas26@ufpso.edu.co,3386977756,ES
1922992,Carlos,Cristian,Lozano,Nieto,clozano97@ufpso.edu.co,3301233993,AD
5496523,Catalina,,González,Cano,cgonzalez19@correo.ufpso.edu.co,3260469655,DO
3997524,Marisol,Isabella,Cano,Rodríguez,mcano21@ufpso.edu.co,3210126112,ES
4338026,Iván,,Ramírez,Salazar,iramirez1@correo.ufpso.edu.co,3473508856,ES
4925750,Marcela,Marcela,Nieto,García,mnieto3@correo.ufpso.edu.co,3800430208,DO
1838354,Daniela,Valentina,Quintero,Bermúdez,dquintero2@ufpso.edu.co,3929013303,DO
3863978,Juliana,,Arango,Martínez,jarango76@correo.ufpso.edu.co,3106556602,ES
8473334,Brayan,Alejandro,Cano,Mendoza,bcano74@correo.ufpso.edu.co,3100393569,ES
5044612,Sofía,Xiomara,Muñoz,Aguilar,smunoz32@correo.ufpso.edu.co,3135535197,AD
3380794,Valentina,Tatiana,Ramírez,Zapata,vramirez11@correo.ufpso.edu.co,3497673134,DO
4808129,Xiomara,Cindy,Mora,Rodríguez,xmora34@correo.ufpso.edu.co,3286932161,ES
3700224,Vanessa,Valentina,Cardona,Cardona,vcardona71@correo.ufpso.edu.co,3317117723,ES
5700048,Valentina,,González,Pacheco,vgonzalez97@ufpso.edu.co,3193107812,DO
3139396,Beatriz,Patricia,Castillo,Pinto,bcastillo19@ufpso.edu.co,3869063318,ES
8271380,Julián,,Ruiz,,jruiz85@correo.ufpso.edu.co,3947668559,DO
3014588,Liliana,Isabella,Quintero,Trujillo,lquintero79@correo.ufpso.edu.co,3941733658,DO
7633217,Sandra,,Reyes,,sreyes8@correo.ufpso.edu.co,3837412515,DO
2645099,Ricardo,Julián,Medina,Henao,rmedina53@ufpso.edu.co,3445291405,AD
1235916,Daniela,Alejandra,Meza,Rivera,dmeza60@ufpso.edu.co,3687240116,ES
2796004,Lina,,Pérez,Medina,lperez16@correo.ufpso.edu.co,3357199797,ES
4028222,Luis,,Sandoval,Mora,lsandoval38@ufpso.edu.co,3186442093,DO
4822799,Marcela,Laura,Flores,Castaño,mflores99@correo.ufpso.edu.co,3537099959,AD
9235052,Diana,Andrea,Morales,Zapata,dmorales55@ufpso.edu.co,3563082512,ES
2907780,Sebastián,Duván,Ríos,,srios15@correo.ufpso.edu.co,3854566454,ES
6072136,Oscar,,Trujillo,Ríos,otrujillo34@ufpso.edu.co,3565203506,ES
1042617,Xiomara,Diana,Ramos,Bermúdez,xramos54@ufpso.edu.co,3947054582,DO
5367831,Fabio,,Mora,Rojas,fmora27@correo.ufpso.edu.co,3634751296,ES
4898178,Jorge,Esteban,Ortiz,Salazar,jortiz48@ufpso.edu.co,3277441388,ES
2573890,Claudia,Luz,Ortiz,Aguilar,cortiz83@correo.ufpso.edu.co,3320283841,DO
9181277,Luis,Héctor,Pedraza,Castaño,lpedraza36@ufpso.edu.co,3925711002,ES
3813692,Wilmar,Rodrigo,Medina,Suárez,wmedina86@correo.ufpso.edu.co,3540468169,DO
7143493,Valentina,Carolina,Castro,Buitrago,vcastro57@correo.ufpso.edu.co,3152115621,ES
5682531,Laura,Catalina,Herrera,Rodríguez,lherrera11@correo.ufpso.edu.co,3728597508,ES
9650787,Natalia,Stefany,Rojas,Cano,nrojas89@ufpso.edu.co,3265245823,ES
5701582,Lina,Beatriz,Acosta,Sánchez,lacosta55@correo.ufpso.edu.co,3963565770,ES
5845647,Laura,,Trujillo,Cruz,ltrujillo35@ufpso.edu.co,3317666169,DO
6225882,Stefany,,Gutiérrez,Castro,sgutierrez3@correo.ufpso.edu.co,3951267420,AD
9464008,Vanessa,Sofía,Ramírez,Nieto,vramirez95@correo.ufpso.edu.co,3747435885,ES
1918293,Esperanza,Marta,Vásquez,Cruz,evasquez99@correo.ufpso.edu.co,3900955128,ES
4030394,Juan,Felipe,Pedraza,Rojas,jpedraza48@ufpso.edu.co,3824111579,AD
9513116,Lorena,,Buitrago,Pedraza,lbuitrago15@ufpso.edu.co,3555420014,ES
3471071,Jhon,Fernando,Martínez,Arango,jmartinez41@ufpso.edu.co,3170735046,ES
4340514,María,Gloria,Vásquez,Ramírez,mvasquez3@ufpso.edu.co,3916498305,ES
4786960,Augusto,Brayan,Lozano,Lozano,alozano45@correo.ufpso.edu.co,3206526554,DO
9633868,Esperanza,,Castillo,Salazar,ecastillo71@correo.ufpso.edu.co,3436308531,AD
1245736,Esperanza,Marcela,Ríos,Zapata,erios2@ufpso.edu.co,3283444984,ES
7048275,Yesid,Andrés,Aguilar,,yaguilar67@ufpso.edu.co,3237537778,ES
6972941,Nicolás,Julián,Pérez,,nperez75@correo.ufpso.edu.co,3208267680,DO
1215716,Brayan,Mario,Quintero,Ramírez,bquintero45@correo.ufpso.edu.co,3841269377,ES
4637253,Alejandro,Augusto,Henao,Parra,ahenao22@correo.ufpso.edu.co,3803396603,DO
8374204,Luis,,Cardona,Reyes,lcardona52@correo.ufpso.edu.co,3410806170,ES
5963287,Sandra,Laura,Suárez,García,ssuarez32@correo.ufpso.edu.co,3183570930,ES
9454109,Edison,,Mora,,emora98@correo.ufpso.edu.co,3515640815,ES
3618531,Jhon,Jorge,Valencia,Sandoval,jvalencia42@correo.ufpso.edu.co,3292364132,ES
7293261,Fernando,Alejandro,Ramos,,framos44@ufpso.edu.co,3204331250,AD
3265970,Isabella,,Rojas,,irojas73@correo.ufpso.edu.co,3375536770,ES
9449838,Marcela,Tatiana,Ochoa,,mochoa86@correo.ufpso.edu.co,3469453761,DO
7201056,Marcela,Xiomara,Cárdenas,Pedraza,mcardenas16@ufpso.edu.co,3665435856,ES
6140021,Jorge,Nicolás,Parra,,jparra88@correo.ufpso.edu.co,3890492141,ES
1802755,Ernesto,,García,Trujillo,egarcia20@ufpso.edu.co,3897311421,ES
2242730,Sofía,Sofía,Pérez,,sperez23@ufpso.edu.co,3949854101,ES
9843793,Raúl,,Parra,Trujillo,rparra85@ufpso.edu.co,3341415910,ES
5037980,Oscar,Iván,González,Pacheco,ogonzalez83@correo.ufpso.edu.co,3641640386,ES
3903421,Duván,Miguel,Sandoval,,dsandoval56@ufpso.edu.co,3572075280,ES
6703394,Liliana,Camila,Reyes,Zapata,lreyes25@correo.ufpso.edu.co,3186288361,ES
3555338,Tatiana,Adriana,Ríos,Reyes,trios12@ufpso.edu.co,3508457275,DO
4665143,Marisol,Sara,Sandoval,Aguilar,msandoval95@ufpso.edu.co,3712167222,ES
8689726,Sandra,Juliana,Cardona,Trujillo,scardona10@ufpso.edu.co,3994401767,DO
4927590,Sebastián,Raúl,Gutiérrez,Henao,sgutierrez59@correo.ufpso.edu.co,3984834030,ES
3064324,Héctor,Luis,Sandoval,,hsandoval31@correo.ufpso.edu.co,3874590528,ES
8430339,Sandra,Beatriz,González,Ramos,sgonzalez18@correo.ufpso.edu.co,3293429794,DO
4073364,Duván,,Ramírez,Flores,dramirez8@ufpso.edu.co,3597621771,DO
8592237,Duván,Jorge,López,,dlopez38@ufpso.edu.co,3200281241,ES
7991477,Leidy,,Pedraza,,lpedraza95@ufpso.edu.co,3507165152,ES
7619709,Ricardo,,Rivera,López,rrivera12@correo.ufpso.edu.co,3322452110,ES
6765013,Luz,Viviana,Nieto,Acosta,lnieto25@ufpso.edu.co,3697696692,ES
7059169,Rodrigo,Stiven,Medina,Muñoz,rmedina93@correo.ufpso.edu.co,3494103865,DO
1480528,Sandra,Camila,Salazar,,ssalazar68@correo.ufpso.edu.co,3533163448,ES
9871273,Duván,,García,Salazar,dgarcia65@correo.ufpso.edu.co,3773503250,ES
6135589,Adriana,Valentina,Vargas,Rivera,avargas23@ufpso.edu.co,3182593495,DO
7047828,Wilmar,,Pedraza,Cano,wpedraza82@correo.ufpso.edu.co,3577529154,ES
2330498,Yolanda,,Ochoa,Ortiz,yochoa43@ufpso.edu.co,3329475757,ES
8029371,Wilmar,Mauricio,Pinto,Meza,wpinto87@correo.ufpso.edu.co,3227376665,ES
9159178,Héctor,,Buitrago,Cruz,hbuitrago22@correo.ufpso.edu.co,3593797033,ES
8306419,Claudia,Adriana,García,Reyes,cgarcia27@correo.ufpso.edu.co,3174039960,ES
8967716,Diana,,Quintero,Lozano,dquintero82@correo.ufpso.edu.co,3998453626,ES
2226409,Ana,Vanessa,Jiménez,Morales,ajimenez58@correo.ufpso.edu.co,3231302386,ES
9798607,Felipe,,Castro,,fcastro54@ufpso.edu.co,3922542873,ES
9680384,Ana,Daniela,Ochoa,Arango,aochoa47@correo.ufpso.edu.co,3188014899,ES
8250220,Felipe,,Mendoza,,fmendoza15@ufpso.edu.co,3411842314,ES
6431575,Lina,,Lozano,Buitrago,llozano8@correo.ufpso.edu.co,3784725528,ES
9776693,Sofía,Marta,Gómez,Buitrago,sgomez45@ufpso.edu.co,3356991413,ES
1220516,Ana,Angie,García,,agarcia39@ufpso.edu.co,3869203707,DO
2281495,Raúl,Fabio,González,Buitrago,rgonzalez56@ufpso.edu.co,3671631851,ES
1625141,Diana,Laura,Pérez,Ospina,dperez38@ufpso.edu.co,3772759608,DO
2846170,Juan,Oscar,Trujillo,,jtrujillo71@ufpso.edu.co,3496413511,DO
9336768,Camila,Marisol,Zapata,Gutiérrez,czapata93@correo.ufpso.edu.co,3958692239,ES
5908070,Natalia,Diana,Pinto,Ochoa,npinto98@ufpso.edu.co,3788888827,AD
4123481,Lina,,Buitrago,Castillo,lbuitrago28@correo.ufpso.edu.co,3524739763,ES
1929907,Viviana,,Ramírez,Pedraza,vramirez61@correo.ufpso.edu.co,3169987027,ES
8891079,Luis,Daniel,Quintero,Vásquez,lquintero73@ufpso.edu.co,3355965560,ES
9210454,Liliana,Diana,Martínez,Montoya,lmartinez35@correo.ufpso.edu.co,3691573390,ES
1904225,Vanessa,Diana,Zapata,Quintero,vzapata66@ufpso.edu.co,3473694875,ES
5269592,Sara,Sara,Flores,Ortiz,sflores78@correo.ufpso.edu.co,3161333184,ES
2362835,Juliana,,Medina,Martínez,jmedina15@ufpso.edu.co,3816127676,ES
1486536,Juan,Esteban,Salazar,,jsalazar58@ufpso.edu.co,3909345284,DO
4167210,Daniela,,Díaz,López,ddiaz98@ufpso.edu.co,3972208308,DO
4317610,Patricia,Daniela,Sánchez,Suárez,psanchez92@ufpso.edu.co,3136028202,ES
6978406,Jhon,Gustavo,Mendoza,Martínez,jmendoza92@correo.ufpso.edu.co,3614399447,DO
4480436,David,,Cárdenas,,dcardenas43@correo.ufpso.edu.co,3412625012,ES
1033653,Sebastián,,Pinto,Ruiz,spinto23@ufpso.edu.co,3451424210,DO
1590021,Natalia,,Parra,Morales,nparra60@correo.ufpso.edu.co,3247491400,DO
4019642,Rodrigo,Jaime,Pacheco,,rpacheco57@correo.ufpso.edu.co,3245390967,DO
8354240,Jaime,Jhonatan,Medina,,jmedina10@correo.ufpso.edu.co,3701841741,DO
9221258,Fabio,,Castro,Lozano,fcastro74@ufpso.edu.co,3178762218,DO
6341996,Patricia,Stefany,Quintero,Vásquez,pquintero86@correo.ufpso.edu.co,3773943440,DO
1424237,Jaime,Felipe,Díaz,Castro,jdiaz18@correo.ufpso.edu.co,3728672480,ES
1264142,Daniel,,Castro,Zapata,dcastro4@ufpso.edu.co,3633428323,DO
7317653,Valentina,Carolina,Ospina,,vospina28@ufpso.edu.co,3250615660,ES
2862982,Angie,Camila,Mora,Pacheco,amora74@correo.ufpso.edu.co,3859291403,ES
2877278,Augusto,Cristian,Cárdenas,,acardenas90@correo.ufpso.edu.co,3368180631,AD
3551848,Laura,Vanessa,Lozano,Zapata,llozano14@correo.ufpso.edu.co,3442514265,DO
3692294,Duván,,Suárez,Cardona,dsuarez58@ufpso.edu.co,3717570703,ES
2471689,Sofía,,Gutiérrez,López,sgutierrez12@ufpso.edu.co,3454349627,ES
3042056,Jhon,Mario,Trujillo,Torres,jtrujillo87@correo.ufpso.edu.co,3499646690,ES
4543533,Ricardo,,Cano,,rcano8@ufpso.edu.co,3179345768,ES
9211373,Mauricio,Oscar,Mora,,mmora99@correo.ufpso.edu.co,3202344022,ES
7957066,Daniela,Catalina,Ríos,García,drios15@ufpso.edu.co,3557262290,ES
1464471,Diego,,Ruiz,Gutiérrez,druiz76@correo.ufpso.edu.co,3595421900,AD
4835956,David,Fernando,Quintero,Cano,dquintero25@ufpso.edu.co,3344078342,DO
4437718,Ricardo,,Ortiz,Medina,rortiz94@ufpso.edu.co,3626488316,ES
8106119,Felipe,Alejandro,Ospina,García,fospina21@ufpso.edu.co,3440215756,AD
1538670,Daniela,Andrea,Pacheco,García,dpacheco38@ufpso.edu.co,3772277204,DO
9118234,Sandra,Patricia,Vásquez,Vásquez,svasquez89@correo.ufpso.edu.co,3985121625,ES
7140284,Ricardo,,Aguilar,,raguilar49@ufpso.edu.co,3880895937,DO
6503436,Patricia,Marta,Lozano,Pinto,plozano17@correo.ufpso.edu.co,3901670818,DO
2200823,Diego,,Herrera,Ríos,dherrera48@correo.ufpso.edu.co,3929325415,DO
1673845,Alejandra,,Ruiz,,aruiz72@correo.ufpso.edu.co,3878044510,ES
4053452,Natalia,,Ruiz,Pacheco,nruiz19@ufpso.edu.co,3473870205,DO
9672215,Angie,Beatriz,Cárdenas,Gutiérrez,acardenas41@correo.ufpso.edu.co,3889762539,DO
6849958,Daniela,Marcela,Aguilar,Montoya,daguilar71@correo.ufpso.edu.co,3837967258,DO
5875077,Jhonatan,Sebastián,Valencia,Muñoz,jvalencia94@ufpso.edu.co,3168839149,ES
2703889,Cindy,Diana,Rivera,Cárdenas,crivera75@ufpso.edu.co,3466446498,ES
3328264,Alejandro,,Quintero,Ramírez,aquintero51@ufpso.edu.co,3931689506,ES
4467214,Sandra,Vanessa,Cruz,,scruz59@correo.ufpso.edu.co,3922255231,ES
4805179,Jaime,,Herrera,Aguilar,jherrera15@ufpso.edu.co,3876243443,ES
3200874,Juliana,María,Quintero,Cardona,jquintero63@correo.ufpso.edu.co,3991384544,DO
6859857,Laura,Laura,Mora,Montoya,lmora53@correo.ufpso.edu.co,3703786235,ES
9059308,Jorge,Brayan,Rivera,González,jrivera29@correo.ufpso.edu.co,3681543739,DO
6638757,Angie,Angie,Herrera,Ortiz,aherrera41@ufpso.edu.co,3150488316,ES
9430358,Patricia,Gloria,Díaz,,pdiaz36@ufpso.edu.co,3488798681,ES
3531504,Catalina,Marta,Rojas,Díaz,crojas56@ufpso.edu.co,3874657741,DO
7188786,Angie,,Suárez,Castro,asuarez8@ufpso.edu.co,3641107528,ES
8136152,Edison,Ricardo,Castro,Ríos,ecastro42@ufpso.edu.co,3408013162,DO
2110229,Liliana,Luz,Acosta,Lozano,lacosta79@ufpso.edu.co,3755949744,ES
7962414,Iván,,Vásquez,López,ivasquez36@correo.ufpso.edu.co,3570823728,DO
8827540,Cindy,,Cano,García,ccano30@correo.ufpso.edu.co,3597622256,ES
4749246,Iván,Fabio,Ochoa,,iochoa38@correo.ufpso.edu.co,3271486834,ES
5034423,Gustavo,Kevin,Sánchez,Meza,gsanchez53@ufpso.edu.co,3724395346,AD
4511031,Stefany,Marta,Cano,Cardona,scano8@ufpso.edu.co,3497427519,ES
3740343,Daniel,,Vargas,Aguilar,dvargas43@correo.ufpso.edu.co,3205616743,AD
9242285,Diego,Mauricio,Mora,,dmora40@ufpso.edu.co,3572894633,DO
4462889,Natalia,Sara,Cruz,Pacheco,ncruz22@ufpso.edu.co,3147140775,DO
3312525,Alejandro,Carlos,Ospina,Ochoa,aospina63@correo.ufpso.edu.co,3335729652,ES
7194235,Gloria,Adriana,Salazar,Herrera,gsalazar21@ufpso.edu.co,3147482729,ES
9670310,Daniel,Nicolás,Parra,Guerrero,dparra13@correo.ufpso.edu.co,3634675444,ES
5806124,Viviana,Andrea,Ochoa,,vochoa6@correo.ufpso.edu.co,3650884909,ES
5813240,Sofía,Sofía,Salazar,,ssalazar49@correo.ufpso.edu.co,3160040716,ES
2606846,Marta,,Gutiérrez,Cardona,mgutierrez39@correo.ufpso.edu.co,3929533465,ES
4296617,Kevin,Sebastián,Reyes,Muñoz,kreyes54@correo.ufpso.edu.co,3590169983,ES
5002666,Liliana,,Muñoz,Muñoz,lmunoz33@correo.ufpso.edu.co,3944214372,ES
9784866,Marcela,Yolanda,Montoya,Montoya,mmontoya11@ufpso.edu.co,3676804083,ES
6990060,Natalia,Sandra,Medina,García,nmedina29@ufpso.edu.co,3814322037,DO
5915317,Catalina,Leidy,Parra,Vargas,cparra45@correo.ufpso.edu.co,3155217581,AD
9631994,Rodrigo,Mauricio,Ospina,Guerrero,rospina64@ufpso.edu.co,3649139711,AD
8303708,Stiven,Diego,Martínez,Castillo,smartinez3@correo.ufpso.edu.co,3852998999,DO
8969677,Liliana,Luz,Pedraza,Ochoa,lpedraza79@ufpso.edu.co,3433856026,DO
7308077,Gloria,,Torres,Cano,gtorres5@ufpso.edu.co,3466245396,ES
8738437,Lorena,Marisol,Rojas,Pérez,lrojas33@correo.ufpso.edu.co,3666947226,ES
8518510,Andrés,,Parra,Cruz,aparra73@correo.ufpso.edu.co,3663434957,DO
7215821,Valentina,Carolina,Lozano,Lozano,vlozano48@ufpso.edu.co,3446879953,DO
2563521,Kevin,,Montoya,,kmontoya93@ufpso.edu.co,3533570767,ES
6069782,Iván,Luis,Flores,Sandoval,iflores51@ufpso.edu.co,3768714983,ES
8468429,Diego,Nicolás,Ramos,Henao,dramos41@ufpso.edu.co,3562765160,DO
9351792,Angie,Catalina,Ramos,Vargas,aramos66@ufpso.edu.co,3854064706,ES
6902943,Xiomara,Alejandra,Ramos,Henao,xramos41@correo.ufpso.edu.co,3124293309,ES
6210853,Oscar,Camilo,Gutiérrez,,ogutierrez65@ufpso.edu.co,3646445196,DO
5026727,Angie,,Buitrago,,abuitrago55@correo.ufpso.edu.co,3739906620,ES
1039685,Miguel,Cristian,Rivera,Pedraza,mrivera31@ufpso.edu.co,3630102862,DO
6518913,Yesid,Mauricio,Nieto,Ochoa,ynieto27@correo.ufpso.edu.co,3928361883,DO
8557599,Camilo,Mauricio,López,Lozano,clopez51@correo.ufpso.edu.co,3900449518,DO
8529292,Ricardo,,Gutiérrez,Jiménez,rgutierrez84@ufpso.edu.co,3623540585,DO
7959417,Alejandro,,Valencia,Rojas,avalencia70@ufpso.edu.co,3729782181,ES
9776458,Marta,,Herrera,Arango,mherrera15@correo.ufpso.edu.co,3254754356,ES
9578089,Lina,Natalia,Ospina,,lospina7@correo.ufpso.edu.co,3652547344,DO
4672741,Miguel,,Sánchez,López,msanchez71@ufpso.edu.co,3618729455,ES
5443659,Héctor,Daniel,Mora,Cruz,hmora36@ufpso.edu.co,3227429852,ES
7146595,Luz,Isabella,Rojas,Pacheco,lrojas21@correo.ufpso.edu.co,3795866942,ES
1714947,Alejandra,Liliana,Buitrago,,abuitrago68@ufpso.edu.co,3525884986,ES
5327941,Luis,Alejandro,Reyes,Ramos,lreyes26@correo.ufpso.edu.co,3414084925,ES
9518389,Daniela,,Mendoza,Rojas,dmendoza34@correo.ufpso.edu.co,3326819644,ES
8915428,Héctor,,Lozano,,hlozano62@correo.ufpso.edu.co,3774971938,ES
1081347,Mauricio,Luis,Ochoa,,mochoa54@correo.ufpso.edu.co,3149636570,DO
7971966,Viviana,Tatiana,Pinto,Quintero,vpinto20@correo.ufpso.edu.co,3704338995,ES
5996420,Marta,,Valencia,Ramírez,mvalencia19@ufpso.edu.co,3441477797,DO
2662808,Mario,Camilo,Ochoa,Vargas,mochoa27@ufpso.edu.co,3583704888,ES
1107041,Rodrigo,Esteban,López,Sandoval,rlopez11@ufpso.edu.co,3229383487,ES
4581103,Kevin,Juan,Vargas,Meza,kvargas45@correo.ufpso.edu.co,3337758357,ES
6107187,Viviana,Isabella,Aguilar,Sánchez,vaguilar51@ufpso.edu.co,3640163360,DO
7640138,Patricia,Alejandra,Ramos,Gómez,pramos86@correo.ufpso.edu.co,3480937374,ES
5095454,Luis,Kevin,Castillo,Medina,lcastillo27@correo.ufpso.edu.co,3238146661,ES
7629340,Raúl,Jhon,Cruz,García,rcruz18@ufpso.edu.co,3926699204,ES
7396566,Adriana,Juliana,Cruz,Martínez,acruz32@correo.ufpso.edu.co,3708435938,DO
2631025,Carolina,,Acosta,Castillo,cacosta38@ufpso.edu.co,3861180294,AD
5808722,Juan,Kevin,Gómez,,jgomez41@ufpso.edu.co,3872923569,ES
7948396,Mario,Daniel,Montoya,Montoya,mmontoya18@ufpso.edu.co,3684655291,ES
7355815,Rodrigo,Ricardo,Rodríguez,Jiménez,rrodriguez12@correo.ufpso.edu.co,3141606612,AD
3267372,Miguel,,Flores,,mflores82@ufpso.edu.co,3530977519,DO
4863035,Cindy,Tatiana,Cardona,Ríos,ccardona38@correo.ufpso.edu.co,3202796205,DO
8667276,María,Adriana,Pedraza,Acosta,mpedraza25@ufpso.edu.co,3549175581,ES
3554596,Isabella,Lorena,Ruiz,Cano,iruiz40@correo.ufpso.edu.co,3635686423,ES
7443794,Yolanda,Esperanza,Valencia,Muñoz,yvalencia2@correo.ufpso.edu.co,3636743826,ES
5186499,David,Edison,Martínez,Ortiz,dmartinez74@correo.ufpso.edu.co,3110764052,AD
1375366,Felipe,Fabio,Castaño,Acosta,fcastano39@ufpso.edu.co,3171032091,DO
9203757,Patricia,Lina,Herrera,,pherrera51@correo.ufpso.edu.co,3591962726,ES
9809468,Liliana,Stefany,Medina,Cano,lmedina60@correo.ufpso.edu.co,3107940988,DO
9267069,Carolina,Marisol,Castro,Cardona,ccastro27@correo.ufpso.edu.co,3207800128,DO
8061065,Sara,Marisol,Vásquez,Cardona,svasquez94@correo.ufpso.edu.co,3165475821,ES
4845602,Jorge,Jorge,Pedraza,Torres,jpedraza78@ufpso.edu.co,3456633840,ES
5238871,Xiomara,Natalia,Ortiz,Trujillo,xortiz85@ufpso.edu.co,3160688393,DO
9123198,Sandra,Patricia,Rodríguez,,srodriguez88@ufpso.edu.co,3102080057,DO
2036210,Yolanda,,Suárez,Reyes,ysuarez71@ufpso.edu.co,3823773215,ES
8844854,Gustavo,Yesid,Herrera,,gherrera23@ufpso.edu.co,3612241234,ES
5540649,Daniel,Iván,Torres,Ruiz,dtorres11@correo.ufpso.edu.co,3881155505,ES
5959804,Vanessa,,Ramírez,Gutiérrez,vramirez13@correo.ufpso.edu.co,3564104233,ES
5770419,Luis,,Henao,Quintero,lhenao1@ufpso.edu.co,3659495874,ES
7387349,Sandra,Sara,Muñoz,Buitrago,smunoz66@ufpso.edu.co,3771263504,DO
2415826,Wilmar,Raúl,Ramos,Medina,wramos85@ufpso.edu.co,3960854038,ES
2087166,Juliana,,Castro,Sánchez,jcastro90@ufpso.edu.co,3977969773,ES
2627172,Luis,Kevin,Rivera,Ramírez,lrivera70@correo.ufpso.edu.co,3809317474,ES
2611490,Mauricio,,Meza,Ramos,mmeza49@ufpso.edu.co,3706872078,DO
7803433,Andrea,Marisol,Pedraza,Pérez,apedraza86@correo.ufpso.edu.co,3977770322,ES
9835217,Sara,Juliana,Suárez,Cano,ssuarez71@ufpso.edu.co,3566485103,DO
6391567,Claudia,Ana,Cano,Quintero,ccano90@ufpso.edu.co,3621990888,DO
5297672,Brayan,Juan,Valencia,Ríos,bvalencia24@correo.ufpso.edu.co,3636171531,ES
7832735,Viviana,,Quintero,Guerrero,vquintero25@ufpso.edu.co,3957609125,ES
7079129,Lorena,,Díaz,Ramírez,ldiaz95@ufpso.edu.co,3781084753,AD
3865203,Patricia,Andrea,Reyes,,preyes11@ufpso.edu.co,3466192904,AD
8282582,Rodrigo,Yesid,Vásquez,,rvasquez72@ufpso.edu.co,3938075748,DO
8873811,Isabella,Vanessa,Cárdenas,,icardenas43@ufpso.edu.co,3260215924,ES
1493929,Juliana,,Henao,Rojas,jhenao8@correo.ufpso.edu.co,3598333275,DO
7520358,Raúl,Diego,Buitrago,Castaño,rbuitrago16@correo.ufpso.edu.co,3399992020,ES
8852428,Juliana,,Díaz,Pedraza,jdiaz77@correo.ufpso.edu.co,3135279516,ES
6328639,Mauricio,Iván,Flores,,mflores65@ufpso.edu.co,3669517732,AD
6307934,Fabio,Jorge,Ruiz,Salazar,fruiz39@ufpso.edu.co,3440707379,DO
9431615,Paola,,López,Salazar,plopez75@ufpso.edu.co,3392130889,ES
5049060,Andrés,Cristian,García,Cruz,agarcia32@ufpso.edu.co,3698187924,ES
6637675,Adriana,,Mendoza,Medina,amendoza4@ufpso.edu.co,3678757887,DO
9932140,Cindy,Lorena,Ochoa,,cochoa90@correo.ufpso.edu.co,3320672957,ES
6703951,Sebastián,Kevin,Nieto,,snieto31@ufpso.edu.co,3508486439,DO
1904001,Marcela,Stefany,Herrera,Buitrago,mherrera29@ufpso.edu.co,3401653528,ES
5379709,Jhonatan,Fernando,Meza,Ortiz,jmeza48@correo.ufpso.edu.co,3804611312,DO
2782893,Tatiana,Leidy,Herrera,Nieto,therrera55@correo.ufpso.edu.co,3415250296,ES
9163112,Stefany,Valentina,Gutiérrez,Cárdenas,sgutierrez91@ufpso.edu.co,3974441787,DO
2854704,Daniel,,Gutiérrez,,dgutierrez9@ufpso.edu.co,3725559306,DO
8193034,Patricia,,Sandoval,Aguilar,psandoval81@correo.ufpso.edu.co,3491446782,ES
6453184,Juan,,López,,jlopez24@correo.ufpso.edu.co,3292851309,DO
7890760,Mario,Stiven,Jiménez,Castillo,mjimenez79@ufpso.edu.co,3865146419,ES
5174556,Edison,Fabio,Ramírez,,eramirez21@correo.ufpso.edu.co,3783393919,DO
5555551,Raúl,,Acosta,Ríos,racosta38@correo.ufpso.edu.co,3182957894,DO
3327179,Luz,Cindy,Rojas,,lrojas67@correo.ufpso.edu.co,3820228264,AD
3175039,Ricardo,Iván,Bermúdez,,rbermudez5@ufpso.edu.co,3184607949,ES
1269111,Carlos,,Zapata,,czapata42@correo.ufpso.edu.co,3480843602,ES
4972613,Rodrigo,Kevin,Ramos,Ospina,rramos43@correo.ufpso.edu.co,3522130758,ES
5941578,Marisol,,Rojas,Meza,mrojas13@ufpso.edu.co,3652967988,AD
5664428,Duván,,Pedraza,Trujillo,dpedraza27@correo.ufpso.edu.co,3575481818,ES
9417004,Alejandro,,Ruiz,Suárez,aruiz54@ufpso.edu.co,3113498834,ES
8385009,Cristian,Yesid,Rojas,Mora,crojas85@ufpso.edu.co,3918500701,ES
5969546,David,,Cárdenas,Jiménez,dcardenas36@correo.ufpso.edu.co,3483847165,ES
8853197,Luz,Lorena,Cruz,Trujillo,lcruz98@correo.ufpso.edu.co,3183047409,ES
5699040,Ernesto,,Quintero,García,equintero47@correo.ufpso.edu.co,3459060572,AD
4593415,Tatiana,Luz,Lozano,Flores,tlozano95@correo.ufpso.edu.co,3204916617,ES
2454389,Juan,,Rivera,,jrivera44@correo.ufpso.edu.co,3365511182,AD
7433097,Miguel,Rodrigo,Castillo,Reyes,mcastillo73@correo.ufpso.edu.co,3483138693,ES
3756423,Camila,Lorena,Ospina,Zapata,cospina85@correo.ufpso.edu.co,3312230643,ES
2326949,Luis,Jhonatan,López,Pedraza,llopez42@ufpso.edu.co,3545760799,AD
3383325,Julián,Jhonatan,Cano,Castillo,jcano16@ufpso.edu.co,3328582395,ES
7344851,Catalina,Laura,Montoya,Ochoa,cmontoya42@correo.ufpso.edu.co,3778410230,ES
2960366,Catalina,Esperanza,Rivera,Castaño,crivera54@correo.ufpso.edu.co,3100490937,AD
9392085,Andrés,Fernando,Valencia,Cardona,avalencia49@ufpso.edu.co,3851995886,DO
9133043,Esteban,Héctor,Flores,,eflores3@correo.ufpso.edu.co,3961888182,DO
9233824,Sofía,Valentina,Rivera,Ramírez,srivera49@ufpso.edu.co,3892431873,DO
3021882,Camila,Daniela,Vargas,Ríos,cvargas30@correo.ufpso.edu.co,3494133141,DO
4044448,Marta,Esperanza,Martínez,Medina,mmartinez25@correo.ufpso.edu.co,3472684844,ES
5677963,Kevin,Fernando,Cruz,López,kcruz34@correo.ufpso.edu.co,3223712965,ES
2556153,Daniela,Juliana,Rodríguez,Trujillo,drodriguez59@correo.ufpso.edu.co,3991695498,DO
7426020,Angie,Paola,Martínez,Pinto,amartinez28@correo.ufpso.edu.co,3767385181,DO
3297199,Camila,,Trujillo,,ctrujillo1@ufpso.edu.co,3991999826,DO
7670122,Alejandra,,Buitrago,Castillo,abuitrago12@correo.ufpso.edu.co,3112416730,ES
8907156,Camila,Gloria,Lozano,,clozano11@correo.ufpso.edu.co,3231734559,ES
6165148,Beatriz,Carolina,Torres,Flores,btorres62@ufpso.edu.co,3248752444,ES
3458130,Lorena,Valentina,Pinto,Herrera,lpinto65@ufpso.edu.co,3520255682,DO
6479972,Angie,,Trujillo,Castillo,atrujillo24@ufpso.edu.co,3459747057,ES
2173923,Cindy,Laura,Aguilar,,caguilar52@ufpso.edu.co,3228670020,DO
4822449,Juan,,Parra,García,jparra14@correo.ufpso.edu.co,3148012697,ES
8626208,Héctor,Miguel,Cano,Morales,hcano92@correo.ufpso.edu.co,3508809717,ES
6288368,Jhon,Ernesto,Pérez,Trujillo,jperez40@ufpso.edu.co,3341920256,ES
3875249,Oscar,Kevin,Ochoa,Bermúdez,oochoa51@ufpso.edu.co,3365551535,DO
8390027,Catalina,Ana,Lozano,Acosta,clozano20@ufpso.edu.co,3533154902,ES
7146328,Yolanda,Marta,Torres,,ytorres70@correo.ufpso.edu.co,3251356396,ES
3694678,Esteban,Diego,Mora,Herrera,emora7@correo.ufpso.edu.co,3296934750,DO
6301993,Camilo,Stiven,Suárez,Zapata,csuarez84@correo.ufpso.edu.co,3181002079,ES
9889074,Wilmar,Ernesto,Torres,,wtorres88@correo.ufpso.edu.co,3641271645,ES
7086056,Yesid,Duván,Ochoa,Castaño,yochoa92@ufpso.edu.co,3298514987,AD
5799614,Mario,,Quintero,Pinto,mquintero96@correo.ufpso.edu.co,3193497427,ES
2191902,Esperanza,Andrea,Cardona,,ecardona90@correo.ufpso.edu.co,3376644091,DO
7385382,Juan,Mauricio,Cruz,Suárez,jcruz37@correo.ufpso.edu.co,3336983860,DO
6762155,Liliana,Leidy,Pedraza,Ochoa,lpedraza50@correo.ufpso.edu.co,3514963043,DO
3145073,Stiven,Mario,Cárdenas,Salazar,scardenas22@ufpso.edu.co,3308332824,ES
7560213,Miguel,,Cardona,,mcardona6@correo.ufpso.edu.co,3992959871,DO
4139359,Luis,Iván,Lozano,García,llozano35@ufpso.edu.co,3710189171,AD
1083972,Diana,,Pedraza,Morales,dpedraza86@ufpso.edu.co,3160777348,ES
2464339,Cristian,,Gómez,Guerrero,cgomez19@ufpso.edu.co,3416685955,ES
8830609,Daniel,Jhon,Nieto,Reyes,dnieto38@ufpso.edu.co,3777005129,DO
4315212,Camilo,Julián,Acosta,Jiménez,cacosta48@correo.ufpso.edu.co,3546029235,ES
8287323,Stiven,,Montoya,,smontoya69@correo.ufpso.edu.co,3340729618,AD
5055921,Sebastián,Cristian,Castillo,Ríos,scastillo57@correo.ufpso.edu.co,3895283642,ES
9421908,Marta,Adriana,Arango,Ruiz,marango21@ufpso.edu.co,3285000782,ES
1946771,Daniela,,Rodríguez,Morales,drodriguez20@ufpso.edu.co,3490064380,ES
6822464,Diego,Mario,Ríos,Montoya,drios18@ufpso.edu.co,3746173116,ES
7531480,Yesid,Esteban,Reyes,,yreyes31@ufpso.edu.co,3388256402,ES
6123580,Lina,Vanessa,Gutiérrez,García,lgutierrez36@correo.ufpso.edu.co,3622486491,ES
8073724,Yolanda,Viviana,Bermúdez,,ybermudez8@ufpso.edu.co,3222424999,ES
9814819,Luis,Mauricio,Torres,Ospina,ltorres51@correo.ufpso.edu.co,3673137924,ES
7654355,Brayan,,Castillo,Cardona,bcastillo44@ufpso.edu.co,3774955516,ES
8156999,Julián,Carlos,Martínez,,jmartinez16@correo.ufpso.edu.co,3374210081,ES
8825727,Edison,,Ospina,Sandoval,eospina26@correo.ufpso.edu.co,3736920324,DO
9467597,Luz,Luz,Ruiz,Rodríguez,lruiz21@correo.ufpso.edu.co,3578844849,AD
4318131,Daniela,Vanessa,Bermúdez,Ochoa,dbermudez71@ufpso.edu.co,3186252174,ES
1645420,Sara,Sofía,Montoya,García,smontoya58@ufpso.edu.co,3131509001,ES
7538303,Wilmar,,Castillo,Ortiz,wcastillo58@correo.ufpso.edu.co,3665134331,DO
4268622,Camilo,,Rivera,Lozano,crivera54@ufpso.edu.co,3657379571,ES
6597361,Fabio,,Mendoza,Meza,fmendoza49@correo.ufpso.edu.co,3127794796,ES
5489467,Wilmar,,Sánchez,Vargas,wsanchez16@correo.ufpso.edu.co,3979808982,ES
1223067,Raúl,Jhonatan,Arango,Castillo,rarango82@correo.ufpso.edu.co,3485628239,ES
5219599,Claudia,Sofía,Henao,,chenao14@ufpso.edu.co,3947643865,ES
8768805,Yolanda,,Sánchez,Rojas,ysanchez27@correo.ufpso.edu.co,3731414297,DO
1896504,Héctor,,Trujillo,Arango,htrujillo14@correo.ufpso.edu.co,3785908699,ES
9456934,Alejandro,,Ortiz,Acosta,aortiz19@correo.ufpso.edu.co,3501403793,DO
6017038,Jhon,Daniel,Cano,,jcano43@correo.ufpso.edu.co,3799652446,ES
9660746,Rodrigo,,Reyes,Salazar,rreyes21@ufpso.edu.co,3265425583,AD
1750336,Jhon,Stiven,López,Meza,jlopez43@correo.ufpso.edu.co,3509052293,ES
8737194,Duván,Héctor,Valencia,Cárdenas,dvalencia50@ufpso.edu.co,3331919768,ES
4204831,Sofía,Tatiana,Rojas,Buitrago,srojas88@ufpso.edu.co,3103802815,DO
1160976,Héctor,Ernesto,Ochoa,Mendoza,hochoa39@ufpso.edu.co,3763884144,AD
4047443,Fabio,Jhonatan,Bermúdez,Zapata,fbermudez81@correo.ufpso.edu.co,3346612476,ES
1007223,Julián,Alejandro,Mendoza,Mendoza,jmendoza84@correo.ufpso.edu.co,3130520134,ES
6623604,Gloria,Valentina,Pedraza,Pacheco,gpedraza51@correo.ufpso.edu.co,3617619096,DO
9416219,Edison,Brayan,Quintero,Herrera,equintero77@ufpso.edu.co,3337628405,ES
3683910,Lorena,Daniela,Cárdenas,Cardona,lcardenas98@ufpso.edu.co,3263620305,ES
2358893,Andrea,,Mora,Henao,amora38@correo.ufpso.edu.co,3619812325,DO
5475560,Luis,Miguel,González,Ochoa,lgonzalez78@correo.ufpso.edu.co,3630014997,DO
8904266,Claudia,Sofía,Rodríguez,Bermúdez,crodriguez78@correo.ufpso.edu.co,3117282879,DO
6626601,Felipe,Ernesto,Arango,Parra,farango42@ufpso.edu.co,3195968400,DO
4515508,Rodrigo,,Ríos,Pinto,rrios97@ufpso.edu.co,3896793566,DO
7335039,Fernando,,Ramos,Pedraza,framos32@correo.ufpso.edu.co,3351868922,ES
2867274,Cristian,Daniel,Vásquez,Valencia,cvasquez51@ufpso.edu.co,3358685117,ES
3809824,Diana,Diana,Cárdenas,Buitrago,dcardenas23@ufpso.edu.co,3689969898,ES
2780331,Isabella,,Castaño,Jiménez,icastano47@correo.ufpso.edu.co,3811611253,DO
5010335,Liliana,,Mendoza,Zapata,lmendoza90@correo.ufpso.edu.co,3382100473,ES
7785181,Catalina,Liliana,Zapata,,czapata13@correo.ufpso.edu.co,3290768044,ES
1773242,Duván,Edison,Buitrago,Cano,dbuitrago79@correo.ufpso.edu.co,3482218527,ES
8981388,David,,González,Ríos,dgonzalez29@ufpso.edu.co,3900437144,ES
9602492,Ana,,Jiménez,Vásquez,ajimenez77@ufpso.edu.co,3746138851,ES
8213581,Esteban,,Rodríguez,Díaz,erodriguez31@ufpso.edu.co,3683814488,ES
5351527,Yesid,Andrés,Rojas,Díaz,yrojas17@correo.ufpso.edu.co,3161835657,DO
1777470,Sebastián,Stiven,Salazar,,ssalazar69@ufpso.edu.co,3311994614,ES
1061759,Luis,Felipe,Sandoval,Flores,lsandoval72@correo.ufpso.edu.co,3840556221,ES
3551742,Tatiana,Claudia,Quintero,González,tquintero12@correo.ufpso.edu.co,3618310597,DO
6927442,Héctor,Julián,Lozano,Ramírez,hlozano95@ufpso.edu.co,3775472637,DO
9199175,Miguel,Héctor,Buitrago,Castillo,mbuitrago92@ufpso.edu.co,3604644634,ES
4750217,Nicolás,David,Castaño,,ncastano61@ufpso.edu.co,3948761925,DO
7809804,Xiomara,Marta,Rojas,Arango,xrojas73@ufpso.edu.co,3952333258,ES
9254980,Xiomara,María,Valencia,Vásquez,xvalencia93@correo.ufpso.edu.co,3141383506,ES
5583945,Sandra,,García,Herrera,sgarcia78@correo.ufpso.edu.co,3457956558,ES
1060203,Fernando,,Pedraza,Castaño,fpedraza22@correo.ufpso.edu.co,3725254020,ES
7475941,Jhon,Diego,Reyes,,jreyes95@correo.ufpso.edu.co,3736162384,DO
1040352,Adriana,Adriana,Buitrago,Rojas,abuitrago9@correo.ufpso.edu.co,3243116684,ES
8881866,Felipe,Juan,Guerrero,Pedraza,fguerrero78@correo.ufpso.edu.co,3291570553,ES
9970497,Ricardo,,Medina,,rmedina92@ufpso.edu.co,3798268586,ES
3990475,Valentina,,Meza,Henao,vmeza5@correo.ufpso.edu.co,3556244573,ES
1126291,Marta,Stefany,Meza,Morales,mmeza45@correo.ufpso.edu.co,3319736711,DO
1810850,Andrés,,Rojas,Vásquez,arojas23@correo.ufpso.edu.co,3250952997,ES
8346296,Felipe,,Castillo,,fcastillo40@correo.ufpso.edu.co,3572234368,ES
9839798,Fabio,Rodrigo,Henao,,fhenao47@ufpso.edu.co,3302244021,ES
5074486,Liliana,Xiomara,Castillo,Díaz,lcastillo89@ufpso.edu.co,3712307271,DO
7868098,Alejandra,Lorena,Quintero,,aquintero76@ufpso.edu.co,3534756346,ES
2240346,Jorge,Augusto,Rojas,Sánchez,jrojas15@ufpso.edu.co,3279620553,ES
5193838,Tatiana,Tatiana,López,Mora,tlopez56@ufpso.edu.co,3701719900,ES
5499772,Juan,,Vargas,Vásquez,jvargas47@correo.ufpso.edu.co,3886275954,DO
5541204,Viviana,Paola,Ortiz,,vortiz98@ufpso.edu.co,3763478402,AD
9064762,Mauricio,Mario,Herrera,Rojas,mherrera83@ufpso.edu.co,3841056470,ES
6756523,Juan,Miguel,Valencia,Sandoval,jvalencia24@ufpso.edu.co,3402110988,DO
3659900,Diana,,Buitrago,,dbuitrago84@correo.ufpso.edu.co,3673733489,DO
9084631,Iván,Carlos,Castillo,,icastillo70@ufpso.edu.co,3417130294,ES
1430189,Leidy,,Cruz,Buitrago,lcruz3@correo.ufpso.edu.co,3833099802,ES
8578445,Adriana,,Castaño,Zapata,acastano88@correo.ufpso.edu.co,3392345607,DO
5458662,Juliana,Lorena,Trujillo,Buitrago,jtrujillo40@ufpso.edu.co,3444898059,ES
6908390,Edison,Augusto,Pérez,Aguilar,eperez66@ufpso.edu.co,3562538644,DO
4036049,Daniela,Cindy,Sandoval,Quintero,dsandoval76@ufpso.edu.co,3132867056,DO
3042896,Camilo,,Ruiz,Lozano,cruiz99@ufpso.edu.co,3268398268,DO
7725468,Isabella,Adriana,Ramos,Ortiz,iramos35@ufpso.edu.co,3109533557,ES
5129736,Beatriz,Lorena,Castaño,Cárdenas,bcastano68@ufpso.edu.co,3476718537,ES
4801888,Miguel,,Cárdenas,,mcardenas63@ufpso.edu.co,3477165943,ES
2557852,Carolina,,García,Cárdenas,cgarcia45@correo.ufpso.edu.co,3767643851,ES
9408338,Juan,Duván,Aguilar,Acosta,jaguilar31@ufpso.edu.co,3656314870,DO
6981015,Carlos,,Jiménez,Díaz,cjimenez73@ufpso.edu.co,3218334838,ES
3577418,Stiven,,Suárez,Ríos,ssuarez16@ufpso.edu.co,3970184094,ES
7118153,Daniela,Esperanza,Flores,Herrera,dflores36@ufpso.edu.co,3820791628,DO
8428378,Isabella,María,Henao,Rivera,ihenao69@correo.ufpso.edu.co,3232501540,ES
5474047,Diego,Luis,Henao,Ochoa,dhenao87@correo.ufpso.edu.co,3666312722,ES
8342817,Duván,Brayan,Ríos,Morales,drios1@correo.ufpso.edu.co,3228607508,ES
2764352,Angie,Viviana,Zapata,Rodríguez,azapata98@ufpso.edu.co,3500684663,ES
9488049,Angie,Sofía,Medina,,amedina84@correo.ufpso.edu.co,3750029150,ES
1400306,Luz,Ana,Flores,Ramírez,lflores47@correo.ufpso.edu.co,3974516699,AD
5572246,Jhonatan,,Trujillo,Acosta,jtrujillo98@correo.ufpso.edu.co,3716540479,ES
5299541,Raúl,Sebastián,Cardona,Castaño,rcardona57@ufpso.edu.co,3300959322,ES
5901167,Julián,Fernando,Salazar,Vargas,jsalazar66@ufpso.edu.co,3822169484,DO
9750834,Ana,Marcela,Lozano,Bermúdez,alozano93@correo.ufpso.edu.co,3469315862,ES
4917303,Alejandra,Marta,Ramírez,Acosta,aramirez81@ufpso.edu.co,3542369082,ES
5246850,Claudia,Laura,Jiménez,Ramírez,cjimenez11@ufpso.edu.co,3964435295,ES
8069745,Jaime,,Flores,Guerrero,jflores20@ufpso.edu.co,3343048573,ES
6113448,Andrea,,Buitrago,Rodríguez,abuitrago77@correo.ufpso.edu.co,3670041696,ES
6817907,Augusto,,Medina,Ramos,amedina54@ufpso.edu.co,3246450210,ES
9371194,Fernando,Ernesto,Arango,Montoya,farango17@ufpso.edu.co,3459347352,ES
8403975,Yolanda,Beatriz,Rojas,,yrojas3@ufpso.edu.co,3546892487,ES
5609900,Iván,Oscar,Ruiz,Rodríguez,iruiz8@correo.ufpso.edu.co,3684357955,DO
1427514,Jhon,Mario,Bermúdez,Cruz,jbermudez81@correo.ufpso.edu.co,3739795035,ES
5535935,Miguel,Diego,Suárez,Henao,msuarez6@correo.ufpso.edu.co,3942670994,ES
2816346,Yesid,Fabio,Vásquez,Montoya,yvasquez25@ufpso.edu.co,3541623655,ES
8302476,Fernando,Iván,Quintero,Díaz,fquintero60@ufpso.edu.co,3604304513,ES
1302924,Carlos,Diego,Gutiérrez,Vargas,cgutierrez2@ufpso.edu.co,3740161353,ES
5252559,Vanessa,,Acosta,Acosta,vacosta45@correo.ufpso.edu.co,3366946162,DO
3179931,Sofía,Carolina,Acosta,Arango,sacosta29@correo.ufpso.edu.co,3475276142,DO
7742860,Julián,Jorge,Ochoa,González,jochoa90@ufpso.edu.co,3361448192,DO
4485842,Sara,Patricia,Quintero,Muñoz,squintero79@ufpso.edu.co,3335195368,ES
5870967,Ana,Gloria,Cárdenas,Castro,acardenas51@correo.ufpso.edu.co,3541969137,ES
4662913,Kevin,,Díaz,López,kdiaz4@correo.ufpso.edu.co,3432700889,ES
1424509,Marta,Stefany,Salazar,Montoya,msalazar92@ufpso.edu.co,3197728136,DO
2994832,Nicolás,Gustavo,Ospina,,nospina83@ufpso.edu.co,3844441600,ES
1649482,Ernesto,,González,Vargas,egonzalez10@correo.ufpso.edu.co,3796719550,AD
5137460,Carlos,,Quintero,Cárdenas,cquintero85@ufpso.edu.co,3394309764,ES
5901003,Catalina,Gloria,Medina,Lozano,cmedina88@ufpso.edu.co,3651493107,ES
8662743,Gustavo,,Sánchez,,gsanchez86@ufpso.edu.co,3663535296,DO
2837649,Ricardo,,Bermúdez,Parra,rbermudez87@ufpso.edu.co,3122487534,DO
9481954,Ana,Juliana,Jiménez,,ajimenez81@ufpso.edu.co,3574324365,ES
9065402,Vanessa,,Ospina,Suárez,vospina49@ufpso.edu.co,3338341532,DO
6812903,Daniela,,Meza,Parra,dmeza6@ufpso.edu.co,3699451121,ES
2007940,Duván,,Bermúdez,Reyes,dbermudez22@correo.ufpso.edu.co,3728001053,DO
5301530,Luis,,Cano,,lcano75@ufpso.edu.co,3894894344,ES
7994198,Ricardo,,Salazar,Bermúdez,rsalazar38@correo.ufpso.edu.co,3373258942,ES
8763168,Camilo,Iván,Acosta,Rivera,cacosta91@correo.ufpso.edu.co,3556288136,ES
2227189,Patricia,Sandra,Lozano,,plozano8@correo.ufpso.edu.co,3297152826,ES
3959817,Diego,Brayan,González,Flores,dgonzalez51@correo.ufpso.edu.co,3918754075,DO
7896741,Alejandra,Marcela,Arango,Cárdenas,aarango78@correo.ufpso.edu.co,3650146729,ES
4983826,Ernesto,,García,Pacheco,egarcia28@correo.ufpso.edu.co,3852905047,DO
7172708,Juan,Oscar,Muñoz,Cardona,jmunoz42@ufpso.edu.co,3110936564,ES
1182673,Marcela,Paola,Sánchez,Rivera,msanchez51@correo.ufpso.edu.co,3714517845,ES
5672697,Paola,Claudia,Arango,,parango54@correo.ufpso.edu.co,3590869415,ES
5519464,Cristian,Augusto,Pedraza,Ruiz,cpedraza20@correo.ufpso.edu.co,3218131096,ES
8387614,Viviana,,Bermúdez,,vbermudez33@correo.ufpso.edu.co,3968644374,ES
2165586,Laura,Leidy,Bermúdez,Medina,lbermudez10@ufpso.edu.co,3685281524,ES
2115417,Beatriz,Ana,Montoya,Henao,bmontoya40@correo.ufpso.edu.co,3933030145,ES
3818366,Paola,,Ortiz,Henao,portiz23@ufpso.edu.co,3413797676,AD
5854525,Lorena,Juliana,Sandoval,Gómez,lsandoval89@ufpso.edu.co,3436049680,AD
4219675,Marisol,Marta,Gutiérrez,,mgutierrez8@correo.ufpso.edu.co,3630103589,DO
8133961,Fernando,,Lozano,Medina,flozano65@ufpso.edu.co,3115201675,ES
9275678,Yesid,,Cruz,Ospina,ycruz25@ufpso.edu.co,3597218008,ES
3958443,Leidy,Tatiana,Salazar,Ortiz,lsalazar61@ufpso.edu.co,3147778614,ES
4876151,Liliana,,Mendoza,Suárez,lmendoza84@correo.ufpso.edu.co,3554808267,ES
3095116,Héctor,Héctor,Ríos,Rojas,hrios86@ufpso.edu.co,3828600206,AD
3385977,Lina,Liliana,Ruiz,Castaño,lruiz71@ufpso.edu.co,3806956089,ES
8221950,Sara,Catalina,Salazar,Nieto,ssalazar16@correo.ufpso.edu.co,3626221925,ES
1728916,Julián,Oscar,Ortiz,Suárez,jortiz96@correo.ufpso.edu.co,3804435109,ES
4892312,Andrea,María,Meza,Torres,ameza49@correo.ufpso.edu.co,3260045120,DO
1352963,Cindy,Marcela,Sandoval,Buitrago,csandoval53@correo.ufpso.edu.co,3246808263,ES
8567045,Edison,Camilo,Ruiz,Ruiz,eruiz63@correo.ufpso.edu.co,3518124385,AD
2679006,Héctor,David,Montoya,Arango,hmontoya42@correo.ufpso.edu.co,3839181543,ES
9543129,Lorena,,Suárez,,lsuarez35@correo.ufpso.edu.co,3408236464,ES
4736165,Miguel,,Ríos,Valencia,mrios41@ufpso.edu.co,3425707885,ES
9304741,Ana,Isabella,González,,agonzalez62@correo.ufpso.edu.co,3306704517,ES
3739899,Héctor,Jorge,Pinto,Pacheco,hpinto12@correo.ufpso.edu.co,3848524458,DO
1881993,Paola,Marcela,Morales,,pmorales33@correo.ufpso.edu.co,3219465964,DO
2747268,Sandra,,Díaz,Herrera,sdiaz2@ufpso.edu.co,3676007189,ES
1726899,Sandra,Marisol,Salazar,Herrera,ssalazar38@ufpso.edu.co,3364401096,ES
6959732,Alejandra,Sandra,Quintero,Vargas,aquintero3@correo.ufpso.edu.co,3515176617,AD
9361902,Isabella,Alejandra,Díaz,Castillo,idiaz71@correo.ufpso.edu.co,3917222156,ES
6278078,Adriana,Marta,Muñoz,Sandoval,amunoz77@correo.ufpso.edu.co,3713887714,ES
6014044,Yesid,,Aguilar,,yaguilar72@correo.ufpso.edu.co,3745102437,AD
5241305,Julián,Ricardo,Morales,Quintero,jmorales29@ufpso.edu.co,3955831156,DO
6579201,Augusto,Cristian,Henao,Cano,ahenao8@ufpso.edu.co,3415662509,ES
1797352,Sebastián,Mauricio,Henao,Ospina,shenao56@correo.ufpso.edu.co,3441770437,AD
5347830,Marta,Cindy,Ruiz,Lozano,mruiz41@ufpso.edu.co,3565075975,ES
1896771,Oscar,Fernando,Ríos,Castro,orios49@ufpso.edu.co,3598057777,ES
4909271,Camilo,Yesid,Mora,Ortiz,cmora19@correo.ufpso.edu.co,3970203801,ES
2954089,Lorena,,Ochoa,Salazar,lochoa88@ufpso.edu.co,3638979484,DO
9373029,Duván,Camilo,Vargas,Reyes,dvargas46@correo.ufpso.edu.co,3811788524,ES
6481643,Mario,,Zapata,Ochoa,mzapata33@ufpso.edu.co,3280899949,AD
6067333,Alejandra,,Cano,Quintero,acano53@ufpso.edu.co,3627779691,DO
9717132,Marta,Juliana,Suárez,López,msuarez92@ufpso.edu.co,3727235750,ES
8133594,Mario,Esteban,Muñoz,,mmunoz68@ufpso.edu.co,3380419881,ES
2183440,Patricia,Patricia,Pacheco,Vásquez,ppacheco57@correo.ufpso.edu.co,3788047265,ES
3164124,Gloria,Beatriz,Mendoza,García,gmendoza31@correo.ufpso.edu.co,3464927629,DO
9468570,Stiven,Edison,Lozano,Torres,slozano42@ufpso.edu.co,3848807608,AD
9371020,Paola,Marisol,Vargas,Ospina,pvargas19@ufpso.edu.co,3688336647,DO
4448355,Kevin,,Mendoza,Arango,kmendoza13@ufpso.edu.co,3687667155,DO
2199398,Fernando,Felipe,Rodríguez,Suárez,frodriguez24@correo.ufpso.edu.co,3186029563,AD
3048618,Ana,Tatiana,Mora,,amora85@ufpso.edu.co,3679275135,ES
7031874,Ricardo,Brayan,Buitrago,Ríos,rbuitrago67@correo.ufpso.edu.co,3656931369,AD
1773415,Héctor,,Quintero,Acosta,hquintero93@ufpso.edu.co,3817853431,DO
4470308,Gloria,Marta,Nieto,Acosta,gnieto93@ufpso.edu.co,3618352036,DO
1850351,Carlos,Gustavo,Ríos,Trujillo,crios44@ufpso.edu.co,3475668305,ES
5278201,Juliana,Patricia,Valencia,Ramos,jvalencia61@correo.ufpso.edu.co,3464439827,AD
8768565,Yolanda,Stefany,Ospina,Meza,yospina39@correo.ufpso.edu.co,3542638255,DO
2989291,Sara,Juliana,Buitrago,,sbuitrago36@ufpso.edu.co,3450013681,DO
6190625,Nicolás,,Salazar,Herrera,nsalazar16@correo.ufpso.edu.co,3780688619,AD
1544851,Natalia,Catalina,Pérez,,nperez55@correo.ufpso.edu.co,3231014111,DO
3600809,Jorge,Julián,Castro,Jiménez,jcastro79@correo.ufpso.edu.co,3784117824,DO
9689507,Augusto,Carlos,Sánchez,Mora,asanchez3@ufpso.edu.co,3319624028,ES
8932073,Felipe,Carlos,Sandoval,Lozano,fsandoval35@ufpso.edu.co,3243536827,ES
2179149,Kevin,Fabio,Guerrero,Herrera,kguerrero62@ufpso.edu.co,3928303657,DO
7817799,Rodrigo,Camilo,Cruz,,rcruz76@correo.ufpso.edu.co,3338964762,ES
6960699,Alejandra,Sandra,Meza,Sandoval,ameza67@correo.ufpso.edu.co,3116571628,ES
1873475,Diana,Lina,Cano,,dcano65@ufpso.edu.co,3462481994,ES
7148797,Alejandra,Adriana,Valencia,,avalencia33@correo.ufpso.edu.co,3559701974,ES
5350981,Jhon,Edison,Quintero,Sánchez,jquintero17@ufpso.edu.co,3874337678,ES
1872871,Xiomara,,Pedraza,López,xpedraza78@correo.ufpso.edu.co,3427794340,DO
5310558,Alejandro,,Rodríguez,,arodriguez45@ufpso.edu.co,3483181916,DO
9168544,Lorena,Ana,Arango,Torres,larango12@ufpso.edu.co,3358945760,ES
6719179,Ricardo,,Mora,Castro,rmora7@correo.ufpso.edu.co,3845636318,DO
1909144,Jhonatan,Edison,Aguilar,Nieto,jaguilar94@correo.ufpso.edu.co,3157493289,ES
4320386,Viviana,Adriana,Ospina,Ortiz,vospina64@ufpso.edu.co,3262872531,ES
7038844,Claudia,Lorena,Castillo,Morales,ccastillo20@ufpso.edu.co,3614193267,ES
9383428,Oscar,Fernando,Rodríguez,,orodriguez51@ufpso.edu.co,3458941403,DO
5704191,Carlos,Esteban,Ospina,Ruiz,cospina31@ufpso.edu.co,3643660857,ES
7768581,Camilo,,Medina,Suárez,cmedina40@correo.ufpso.edu.co,3120067802,ES
4746080,Cindy,Adriana,Salazar,Parra,csalazar40@ufpso.edu.co,3668076816,ES
5470214,Camila,Paola,Herrera,Rivera,cherrera58@ufpso.edu.co,3593080869,ES
4866647,Ernesto,,Aguilar,Guerrero,eaguilar36@correo.ufpso.edu.co,3272006828,ES
3031113,Claudia,,Ruiz,Flores,cruiz57@correo.ufpso.edu.co,3393005008,ES
3003417,Daniel,Augusto,Lozano,López,dlozano43@ufpso.edu.co,3159406932,DO
7454147,Patricia,,Cárdenas,Vargas,pcardenas51@correo.ufpso.edu.co,3711614133,ES
6733675,Esteban,Camilo,Sánchez,,esanchez10@ufpso.edu.co,3922547096,DO
9219248,Marisol,,Ramírez,Henao,mramirez75@correo.ufpso.edu.co,3251534084,ES
7411130,Nicolás,Héctor,Buitrago,,nbuitrago15@correo.ufpso.edu.co,3704827199,AD
8357492,Mauricio,,Arango,Mendoza,marango86@correo.ufpso.edu.co,3512170915,ES
5296565,Daniela,,Lozano,Cano,dlozano50@correo.ufpso.edu.co,3681069910,ES
4679662,Sebastián,Oscar,Martínez,,smartinez23@ufpso.edu.co,3877497941,AD
2251222,Iván,Raúl,Lozano,Ortiz,ilozano88@ufpso.edu.co,3305721047,ES
1558077,Nicolás,Carlos,Mora,Ramírez,nmora86@ufpso.edu.co,3178749178,ES
4628691,Camilo,,Parra,Mendoza,cparra58@correo.ufpso.edu.co,3731981459,DO
8831242,Iván,Jorge,Jiménez,Flores,ijimenez38@ufpso.edu.co,3198071015,ES
4427148,Raúl,Duván,Herrera,Trujillo,rherrera78@correo.ufpso.edu.co,3218929329,DO
4531548,Sara,Tatiana,Mendoza,Cardona,smendoza14@correo.ufpso.edu.co,3883232634,ES
8899913,Marta,Esperanza,Rivera,Parra,mrivera22@ufpso.edu.co,3417510195,ES
6537997,Leidy,Natalia,Cruz,Herrera,lcruz2@correo.ufpso.edu.co,3692652639,ES
2493118,Andrea,,Rivera,,arivera62@ufpso.edu.co,3167832066,DO
4122981,Vanessa,Patricia,Martínez,,vmartinez41@correo.ufpso.edu.co,3614607462,DO
1065795,Sandra,María,Vásquez,Reyes,svasquez31@correo.ufpso.edu.co,3810491135,AD
3445224,Carlos,,González,,cgonzalez97@correo.ufpso.edu.co,3403190816,DO
2807068,Edison,,Díaz,Morales,ediaz19@correo.ufpso.edu.co,3483677712,DO
7652881,Carolina,Marta,Mora,Ortiz,cmora62@ufpso.edu.co,3441632437,ES
1268933,Nicolás,,Morales,Castillo,nmorales60@ufpso.edu.co,3723277701,ES
7154141,Ricardo,Juan,Suárez,García,rsuarez45@ufpso.edu.co,3921304885,DO
